provider	dotPath	method	fullUrl	docsUrl
simplefunctions	api.agent.feed	GET	https://simplefunctions.dev/api/agent/feed/{topic}{query}	https://docs.simplefunctions.dev/api-reference/agent
simplefunctions	api.agent.inspect	GET	https://simplefunctions.dev/api/agent/inspect/{ticker}{query}	https://docs.simplefunctions.dev/api-reference/agent
simplefunctions	api.agent.world	GET	https://simplefunctions.dev/api/agent/world{query}	https://docs.simplefunctions.dev/api-reference/world-state
simplefunctions	api.agent.world.delta	GET	https://simplefunctions.dev/api/agent/world/delta{query}	https://docs.simplefunctions.dev/api-reference/world-state
simplefunctions	api.agent.world.feed	GET	https://simplefunctions.dev/api/agent/world/feed	https://docs.simplefunctions.dev/api-reference/world-state
simplefunctions	api.agent.world.path	GET	https://simplefunctions.dev/api/agent/world/{path}{query}	https://docs.simplefunctions.dev/api-reference/world-state
simplefunctions	api.alertDeliveries	GET	https://simplefunctions.dev/api/alert-deliveries{query}	https://docs.simplefunctions.dev/api-reference/watch-alerts
simplefunctions	api.alertRules	DELETE	https://simplefunctions.dev/api/alert-rules/{id}	https://docs.simplefunctions.dev/api-reference/watch-alerts
simplefunctions	api.alertRules	GET	https://simplefunctions.dev/api/alert-rules{query}	https://docs.simplefunctions.dev/api-reference/watch-alerts
simplefunctions	api.alertRules.create	POST	https://simplefunctions.dev/api/alert-rules	https://docs.simplefunctions.dev/api-reference/watch-alerts
simplefunctions	api.alertRules.retrieve	GET	https://simplefunctions.dev/api/alert-rules/{id}	https://docs.simplefunctions.dev/api-reference/watch-alerts
simplefunctions	api.alertRules.test	POST	https://simplefunctions.dev/api/alert-rules/{id}/test	https://docs.simplefunctions.dev/api-reference/watch-alerts
simplefunctions	api.alertRules.update	PATCH	https://simplefunctions.dev/api/alert-rules/{id}	https://docs.simplefunctions.dev/api-reference/watch-alerts
simplefunctions	api.auth.cli	POST	https://simplefunctions.dev/api/auth/cli	https://docs.simplefunctions.dev/api-reference/keys
simplefunctions	api.auth.cli.complete	POST	https://simplefunctions.dev/api/auth/cli/complete	https://docs.simplefunctions.dev/api-reference/keys
simplefunctions	api.auth.cli.poll	GET	https://simplefunctions.dev/api/auth/cli/poll{query}	https://docs.simplefunctions.dev/api-reference/keys
simplefunctions	api.calibration	GET	https://simplefunctions.dev/api/calibration{query}	https://docs.simplefunctions.dev/api-reference/index-regime
simplefunctions	api.changes	GET	https://simplefunctions.dev/api/changes{query}	https://docs.simplefunctions.dev/reference/daily-data
simplefunctions	api.contracts.tools	GET	https://simplefunctions.dev/api/contracts/tools	https://docs.simplefunctions.dev/api-reference/contract-tools
simplefunctions	api.dashboard.usage	GET	https://simplefunctions.dev/api/dashboard/usage{query}	https://docs.simplefunctions.dev/api-reference/account
simplefunctions	api.dashboard2.marketWatch.panels	DELETE	https://simplefunctions.dev/api/dashboard2/market-watch/panels/{id}	https://docs.simplefunctions.dev/api-reference/market-watch
simplefunctions	api.dashboard2.marketWatch.panels	POST	https://simplefunctions.dev/api/dashboard2/market-watch/panels/{id}/run	https://docs.simplefunctions.dev/api-reference/market-watch
simplefunctions	api.dashboard2.marketWatch.panels.create	POST	https://simplefunctions.dev/api/dashboard2/market-watch/panels	https://docs.simplefunctions.dev/api-reference/market-watch
simplefunctions	api.dashboard2.marketWatch.panels.reorder	POST	https://simplefunctions.dev/api/dashboard2/market-watch/panels/reorder	https://docs.simplefunctions.dev/api-reference/market-watch
simplefunctions	api.dashboard2.marketWatch.panels.update	PATCH	https://simplefunctions.dev/api/dashboard2/market-watch/panels/{id}	https://docs.simplefunctions.dev/api-reference/market-watch
simplefunctions	api.dashboard2.marketWatchV2	GET	https://simplefunctions.dev/api/dashboard2/market-watch-v2{query}	https://docs.simplefunctions.dev/api-reference/market-watch
simplefunctions	api.edges	GET	https://simplefunctions.dev/api/edges{query}	https://docs.simplefunctions.dev/api-reference/index-regime
simplefunctions	api.feed	GET	https://simplefunctions.dev/api/feed{query}	https://docs.simplefunctions.dev/api-reference/account
simplefunctions	api.intents	DELETE	https://simplefunctions.dev/api/intents/{id}	https://docs.simplefunctions.dev/api-reference/execution-intents
simplefunctions	api.intents	GET	https://simplefunctions.dev/api/intents{query}	https://docs.simplefunctions.dev/api-reference/execution-intents
simplefunctions	api.intents.create	POST	https://simplefunctions.dev/api/intents	https://docs.simplefunctions.dev/api-reference/execution-intents
simplefunctions	api.intents.retrieve	GET	https://simplefunctions.dev/api/intents/{id}	https://docs.simplefunctions.dev/api-reference/execution-intents
simplefunctions	api.intents.update	PATCH	https://simplefunctions.dev/api/intents/{id}	https://docs.simplefunctions.dev/api-reference/execution-intents
simplefunctions	api.keys	DELETE	https://simplefunctions.dev/api/keys/{id}	https://docs.simplefunctions.dev/api-reference/keys
simplefunctions	api.keys	GET	https://simplefunctions.dev/api/keys{query}	https://docs.simplefunctions.dev/api-reference/keys
simplefunctions	api.keys.create	POST	https://simplefunctions.dev/api/keys	https://docs.simplefunctions.dev/api-reference/keys
simplefunctions	api.mcp	GET	https://simplefunctions.dev/api/mcp/{transport}	https://docs.simplefunctions.dev/api-reference/tools
simplefunctions	api.mcp.call	POST	https://simplefunctions.dev/api/mcp/{transport}	https://docs.simplefunctions.dev/api-reference/tools
simplefunctions	api.portfolio.activity	GET	https://simplefunctions.dev/api/portfolio/activity{query}	https://docs.simplefunctions.dev/api-reference/portfolio
simplefunctions	api.portfolio.attribution.daily	GET	https://simplefunctions.dev/api/portfolio/attribution/daily{query}	https://docs.simplefunctions.dev/api-reference/portfolio
simplefunctions	api.portfolio.attribution.grouped	GET	https://simplefunctions.dev/api/portfolio/attribution/grouped{query}	https://docs.simplefunctions.dev/api-reference/portfolio
simplefunctions	api.portfolio.config	GET	https://simplefunctions.dev/api/portfolio/config	https://docs.simplefunctions.dev/api-reference/portfolio
simplefunctions	api.portfolio.config.update	PUT	https://simplefunctions.dev/api/portfolio/config{query}	https://docs.simplefunctions.dev/api-reference/portfolio
simplefunctions	api.portfolio.fills	GET	https://simplefunctions.dev/api/portfolio/fills{query}	https://docs.simplefunctions.dev/api-reference/portfolio
simplefunctions	api.portfolio.ledger	GET	https://simplefunctions.dev/api/portfolio/ledger{query}	https://docs.simplefunctions.dev/api-reference/portfolio
simplefunctions	api.portfolio.ledger.import.kalshi	POST	https://simplefunctions.dev/api/portfolio/ledger/import/kalshi{query}	https://docs.simplefunctions.dev/api-reference/portfolio
simplefunctions	api.portfolio.ledger.import.kalshi.pull	POST	https://simplefunctions.dev/api/portfolio/ledger/import/kalshi/pull{query}	https://docs.simplefunctions.dev/api-reference/portfolio
simplefunctions	api.portfolio.ledger.import.polymarket	POST	https://simplefunctions.dev/api/portfolio/ledger/import/polymarket{query}	https://docs.simplefunctions.dev/api-reference/portfolio
simplefunctions	api.portfolio.positions	GET	https://simplefunctions.dev/api/portfolio/positions{query}	https://docs.simplefunctions.dev/api-reference/portfolio
simplefunctions	api.portfolio.risk	GET	https://simplefunctions.dev/api/portfolio/risk{query}	https://docs.simplefunctions.dev/api-reference/portfolio
simplefunctions	api.portfolio.secrets	DELETE	https://simplefunctions.dev/api/portfolio/secrets{query}	https://docs.simplefunctions.dev/api-reference/portfolio
simplefunctions	api.portfolio.secrets.create	POST	https://simplefunctions.dev/api/portfolio/secrets{query}	https://docs.simplefunctions.dev/api-reference/portfolio
simplefunctions	api.portfolio.state	GET	https://simplefunctions.dev/api/portfolio/state	https://docs.simplefunctions.dev/api-reference/portfolio
simplefunctions	api.portfolio.state.update	PUT	https://simplefunctions.dev/api/portfolio/state{query}	https://docs.simplefunctions.dev/api-reference/portfolio
simplefunctions	api.portfolio.strategy	DELETE	https://simplefunctions.dev/api/portfolio/strategy{query}	https://docs.simplefunctions.dev/api-reference/portfolio
simplefunctions	api.portfolio.strategy	GET	https://simplefunctions.dev/api/portfolio/strategy{query}	https://docs.simplefunctions.dev/api-reference/portfolio
simplefunctions	api.portfolio.strategy.create	POST	https://simplefunctions.dev/api/portfolio/strategy{query}	https://docs.simplefunctions.dev/api-reference/portfolio
simplefunctions	api.portfolio.strategy.update	PUT	https://simplefunctions.dev/api/portfolio/strategy{query}	https://docs.simplefunctions.dev/api-reference/portfolio
simplefunctions	api.portfolio.ticks	GET	https://simplefunctions.dev/api/portfolio/ticks{query}	https://docs.simplefunctions.dev/api-reference/portfolio
simplefunctions	api.portfolio.ticks.create	POST	https://simplefunctions.dev/api/portfolio/ticks{query}	https://docs.simplefunctions.dev/api-reference/portfolio
simplefunctions	api.portfolio.ticks.retrieve	GET	https://simplefunctions.dev/api/portfolio/ticks/{id}	https://docs.simplefunctions.dev/api-reference/portfolio
simplefunctions	api.portfolio.trades	GET	https://simplefunctions.dev/api/portfolio/trades{query}	https://docs.simplefunctions.dev/api-reference/portfolio
simplefunctions	api.portfolio.trades.create	POST	https://simplefunctions.dev/api/portfolio/trades{query}	https://docs.simplefunctions.dev/api-reference/portfolio
simplefunctions	api.portfolio.trades.retrieve	GET	https://simplefunctions.dev/api/portfolio/trades/{id}	https://docs.simplefunctions.dev/api-reference/portfolio
simplefunctions	api.portfolio.trigger	POST	https://simplefunctions.dev/api/portfolio/trigger{query}	https://docs.simplefunctions.dev/api-reference/portfolio
simplefunctions	api.portfolio.views	DELETE	https://simplefunctions.dev/api/portfolio/views{query}	https://docs.simplefunctions.dev/api-reference/portfolio
simplefunctions	api.portfolio.views	GET	https://simplefunctions.dev/api/portfolio/views{query}	https://docs.simplefunctions.dev/api-reference/portfolio
simplefunctions	api.portfolio.views.create	POST	https://simplefunctions.dev/api/portfolio/views{query}	https://docs.simplefunctions.dev/api-reference/portfolio
simplefunctions	api.portfolio.views.update	PUT	https://simplefunctions.dev/api/portfolio/views{query}	https://docs.simplefunctions.dev/api-reference/portfolio
simplefunctions	api.prompt	GET	https://simplefunctions.dev/api/prompt	https://docs.simplefunctions.dev/api-reference/tools
simplefunctions	api.proxy.stt	POST	https://simplefunctions.dev/api/proxy/stt	https://docs.simplefunctions.dev/api-reference/tools
simplefunctions	api.proxy.tts	POST	https://simplefunctions.dev/api/proxy/tts	https://docs.simplefunctions.dev/api-reference/tools
simplefunctions	api.public.answer	GET	https://simplefunctions.dev/api/public/answer/{slug}	https://docs.simplefunctions.dev/api-reference/public-market-data
simplefunctions	api.public.briefing	GET	https://simplefunctions.dev/api/public/briefing{query}	https://docs.simplefunctions.dev/reference/daily-data
simplefunctions	api.public.calendar	GET	https://simplefunctions.dev/api/public/calendar{query}	https://docs.simplefunctions.dev/api-reference/index-regime
simplefunctions	api.public.calibration	GET	https://simplefunctions.dev/api/public/calibration{query}	https://docs.simplefunctions.dev/api-reference/index-regime
simplefunctions	api.public.congress.member	GET	https://simplefunctions.dev/api/public/congress/member/{id}	https://docs.simplefunctions.dev/api-reference/public-market-data
simplefunctions	api.public.congress.members	GET	https://simplefunctions.dev/api/public/congress/members{query}	https://docs.simplefunctions.dev/api-reference/public-market-data
simplefunctions	api.public.contagion	GET	https://simplefunctions.dev/api/public/contagion{query}	https://docs.simplefunctions.dev/api-reference/public-market-data
simplefunctions	api.public.context	GET	https://simplefunctions.dev/api/public/context{query}	https://docs.simplefunctions.dev/reference/daily-data
simplefunctions	api.public.crossVenue.pairs	GET	https://simplefunctions.dev/api/public/cross-venue/pairs{query}	https://docs.simplefunctions.dev/api-reference/public-market-data
simplefunctions	api.public.crossVenue.stats	GET	https://simplefunctions.dev/api/public/cross-venue/stats{query}	https://docs.simplefunctions.dev/api-reference/public-market-data
simplefunctions	api.public.databento	GET	https://simplefunctions.dev/api/public/databento{query}	https://docs.simplefunctions.dev/api-reference/public-market-data
simplefunctions	api.public.diff	GET	https://simplefunctions.dev/api/public/diff{query}	https://docs.simplefunctions.dev/api-reference/public-market-data
simplefunctions	api.public.discuss	POST	https://simplefunctions.dev/api/public/discuss	https://docs.simplefunctions.dev/api-reference/public-market-data
simplefunctions	api.public.fred	GET	https://simplefunctions.dev/api/public/fred{query}	https://docs.simplefunctions.dev/api-reference/gov-econ
simplefunctions	api.public.glossary	GET	https://simplefunctions.dev/api/public/glossary{query}	https://docs.simplefunctions.dev/reference/daily-data
simplefunctions	api.public.glossary.entry	GET	https://simplefunctions.dev/api/public/glossary/{slug}	https://docs.simplefunctions.dev/reference/daily-data
simplefunctions	api.public.guide	GET	https://simplefunctions.dev/api/public/guide	https://docs.simplefunctions.dev/api-reference/public-market-data
simplefunctions	api.public.highlights	GET	https://simplefunctions.dev/api/public/highlights{query}	https://docs.simplefunctions.dev/api-reference/public-market-data
simplefunctions	api.public.ideas	GET	https://simplefunctions.dev/api/public/ideas{query}	https://docs.simplefunctions.dev/reference/daily-data
simplefunctions	api.public.ideas.byId	GET	https://simplefunctions.dev/api/public/ideas/{id}	https://docs.simplefunctions.dev/reference/daily-data
simplefunctions	api.public.index	GET	https://simplefunctions.dev/api/public/index	https://docs.simplefunctions.dev/api-reference/index-regime
simplefunctions	api.public.index.history	GET	https://simplefunctions.dev/api/public/index/history{query}	https://docs.simplefunctions.dev/api-reference/index-regime
simplefunctions	api.public.legislation	GET	https://simplefunctions.dev/api/public/legislation{query}	https://docs.simplefunctions.dev/api-reference/gov-econ
simplefunctions	api.public.legislation.byBillId	GET	https://simplefunctions.dev/api/public/legislation/{billId}	https://docs.simplefunctions.dev/api-reference/gov-econ
simplefunctions	api.public.liquidityByTheme	GET	https://simplefunctions.dev/api/public/liquidity-by-theme{query}	https://docs.simplefunctions.dev/api-reference/public-market-data
simplefunctions	api.public.liveTickers	GET	https://simplefunctions.dev/api/public/live-tickers{query}	https://docs.simplefunctions.dev/api-reference/public-market-data
simplefunctions	api.public.market	GET	https://simplefunctions.dev/api/public/market/{ticker}{query}	https://docs.simplefunctions.dev/api-reference/market-detail
simplefunctions	api.public.market.candles	GET	https://simplefunctions.dev/api/public/market/{ticker}/candles{query}	https://docs.simplefunctions.dev/api-reference/public-market-data
simplefunctions	api.public.market.history	GET	https://simplefunctions.dev/api/public/market/{ticker}/history	https://docs.simplefunctions.dev/api-reference/market-detail
simplefunctions	api.public.marketMicrostructureHistory	GET	https://simplefunctions.dev/api/public/market-microstructure-history{query}	https://docs.simplefunctions.dev/api-reference/public-market-data
simplefunctions	api.public.markets	GET	https://simplefunctions.dev/api/public/markets{query}	https://docs.simplefunctions.dev/api-reference/public-market-data
simplefunctions	api.public.newmarkets	GET	https://simplefunctions.dev/api/public/newmarkets{query}	https://docs.simplefunctions.dev/api-reference/public-market-data
simplefunctions	api.public.odds	GET	https://simplefunctions.dev/api/public/odds{query}	https://docs.simplefunctions.dev/api-reference/public-market-data
simplefunctions	api.public.oddsMd	GET	https://simplefunctions.dev/api/public/odds.md{query}	https://docs.simplefunctions.dev/api-reference/public-market-data
simplefunctions	api.public.opinions	GET	https://simplefunctions.dev/api/public/opinions{query}	https://docs.simplefunctions.dev/api-reference/public-market-data
simplefunctions	api.public.opinions.entry	GET	https://simplefunctions.dev/api/public/opinions/{slug}	https://docs.simplefunctions.dev/api-reference/public-market-data
simplefunctions	api.public.query	GET	https://simplefunctions.dev/api/public/query{query}	https://docs.simplefunctions.dev/api-reference/query
simplefunctions	api.public.queryEcon	GET	https://simplefunctions.dev/api/public/query-econ{query}	https://docs.simplefunctions.dev/api-reference/gov-econ
simplefunctions	api.public.queryGov	GET	https://simplefunctions.dev/api/public/query-gov{query}	https://docs.simplefunctions.dev/api-reference/gov-econ
simplefunctions	api.public.regime.scan	GET	https://simplefunctions.dev/api/public/regime/scan{query}	https://docs.simplefunctions.dev/api-reference/index-regime
simplefunctions	api.public.scan	GET	https://simplefunctions.dev/api/public/scan{query}	https://docs.simplefunctions.dev/api-reference/public-market-data
simplefunctions	api.public.screen	GET	https://simplefunctions.dev/api/public/screen{query}	https://docs.simplefunctions.dev/api-reference/public-market-data
simplefunctions	api.public.screenByTickers	GET	https://simplefunctions.dev/api/public/screen-by-tickers{query}	https://docs.simplefunctions.dev/api-reference/public-market-data
simplefunctions	api.public.search	GET	https://simplefunctions.dev/api/public/search{query}	https://docs.simplefunctions.dev/api-reference/public-market-data
simplefunctions	api.public.skill	GET	https://simplefunctions.dev/api/public/skill/{slug}	https://docs.simplefunctions.dev/api-reference/public-market-data
simplefunctions	api.public.skills	GET	https://simplefunctions.dev/api/public/skills{query}	https://docs.simplefunctions.dev/api-reference/public-market-data
simplefunctions	api.public.technicals	GET	https://simplefunctions.dev/api/public/technicals{query}	https://docs.simplefunctions.dev/api-reference/public-market-data
simplefunctions	api.public.technicals.entry	GET	https://simplefunctions.dev/api/public/technicals/{slug}	https://docs.simplefunctions.dev/api-reference/public-market-data
simplefunctions	api.public.theses	GET	https://simplefunctions.dev/api/public/theses{query}	https://docs.simplefunctions.dev/reference/daily-data
simplefunctions	api.public.thesis	GET	https://simplefunctions.dev/api/public/thesis/{slug}	https://docs.simplefunctions.dev/reference/daily-data
simplefunctions	api.public.topic	GET	https://simplefunctions.dev/api/public/topic/{slug}	https://docs.simplefunctions.dev/api-reference/public-market-data
simplefunctions	api.public.tradMarkets	GET	https://simplefunctions.dev/api/public/trad-markets{query}	https://docs.simplefunctions.dev/api-reference/public-market-data
simplefunctions	api.public.yieldCurves	GET	https://simplefunctions.dev/api/public/yield-curves	https://docs.simplefunctions.dev/api-reference/public-market-data
simplefunctions	api.public.yieldCurves.event	GET	https://simplefunctions.dev/api/public/yield-curves/{event}	https://docs.simplefunctions.dev/api-reference/public-market-data
simplefunctions	api.runtime.exec	GET	https://simplefunctions.dev/api/runtime/exec{query}	https://docs.simplefunctions.dev/api-reference/execution-intents
simplefunctions	api.runtime.exec.trigger	POST	https://simplefunctions.dev/api/runtime/exec	https://docs.simplefunctions.dev/api-reference/execution-intents
simplefunctions	api.signup	POST	https://simplefunctions.dev/api/signup	https://docs.simplefunctions.dev/api-reference/keys
simplefunctions	api.skills	GET	https://simplefunctions.dev/api/skills{query}	https://docs.simplefunctions.dev/api-reference/tools
simplefunctions	api.thesis	DELETE	https://simplefunctions.dev/api/thesis/{id}	https://docs.simplefunctions.dev/api-reference/thesis
simplefunctions	api.thesis	GET	https://simplefunctions.dev/api/thesis{query}	https://docs.simplefunctions.dev/api-reference/thesis
simplefunctions	api.thesis.augment	POST	https://simplefunctions.dev/api/thesis/{id}/augment{query}	https://docs.simplefunctions.dev/api-reference/thesis
simplefunctions	api.thesis.byTicker	GET	https://simplefunctions.dev/api/thesis/by-ticker/{ticker}	https://docs.simplefunctions.dev/api-reference/thesis
simplefunctions	api.thesis.changes	GET	https://simplefunctions.dev/api/thesis/{id}/changes{query}	https://docs.simplefunctions.dev/api-reference/thesis
simplefunctions	api.thesis.context	GET	https://simplefunctions.dev/api/thesis/{id}/context	https://docs.simplefunctions.dev/api-reference/thesis
simplefunctions	api.thesis.create	POST	https://simplefunctions.dev/api/thesis/create{query}	https://docs.simplefunctions.dev/api-reference/thesis
simplefunctions	api.thesis.evaluate	POST	https://simplefunctions.dev/api/thesis/{id}/evaluate	https://docs.simplefunctions.dev/api-reference/thesis
simplefunctions	api.thesis.evaluations	GET	https://simplefunctions.dev/api/thesis/{id}/evaluations	https://docs.simplefunctions.dev/api-reference/thesis
simplefunctions	api.thesis.fork	POST	https://simplefunctions.dev/api/thesis/{id}/fork	https://docs.simplefunctions.dev/api-reference/thesis
simplefunctions	api.thesis.heartbeat	GET	https://simplefunctions.dev/api/thesis/{id}/heartbeat	https://docs.simplefunctions.dev/api-reference/thesis
simplefunctions	api.thesis.heartbeat.update	PATCH	https://simplefunctions.dev/api/thesis/{id}/heartbeat	https://docs.simplefunctions.dev/api-reference/thesis
simplefunctions	api.thesis.nodes	POST	https://simplefunctions.dev/api/thesis/{id}/nodes	https://docs.simplefunctions.dev/api-reference/thesis
simplefunctions	api.thesis.positions	DELETE	https://simplefunctions.dev/api/thesis/{id}/positions/{posId}	https://docs.simplefunctions.dev/api-reference/thesis
simplefunctions	api.thesis.positions.create	POST	https://simplefunctions.dev/api/thesis/{id}/positions	https://docs.simplefunctions.dev/api-reference/thesis
simplefunctions	api.thesis.positions.list	GET	https://simplefunctions.dev/api/thesis/{id}/positions	https://docs.simplefunctions.dev/api-reference/thesis
simplefunctions	api.thesis.positions.update	PATCH	https://simplefunctions.dev/api/thesis/{id}/positions/{posId}	https://docs.simplefunctions.dev/api-reference/thesis
simplefunctions	api.thesis.prompt	GET	https://simplefunctions.dev/api/thesis/{id}/prompt	https://docs.simplefunctions.dev/api-reference/thesis
simplefunctions	api.thesis.publish	POST	https://simplefunctions.dev/api/thesis/{id}/publish	https://docs.simplefunctions.dev/api-reference/thesis
simplefunctions	api.thesis.retrieve	GET	https://simplefunctions.dev/api/thesis/{id}{query}	https://docs.simplefunctions.dev/api-reference/thesis
simplefunctions	api.thesis.signal	POST	https://simplefunctions.dev/api/thesis/{id}/signal	https://docs.simplefunctions.dev/api-reference/thesis
simplefunctions	api.thesis.strategies	DELETE	https://simplefunctions.dev/api/thesis/{id}/strategies/{sid}	https://docs.simplefunctions.dev/api-reference/thesis
simplefunctions	api.thesis.strategies.create	POST	https://simplefunctions.dev/api/thesis/{id}/strategies	https://docs.simplefunctions.dev/api-reference/thesis
simplefunctions	api.thesis.strategies.list	GET	https://simplefunctions.dev/api/thesis/{id}/strategies{query}	https://docs.simplefunctions.dev/api-reference/thesis
simplefunctions	api.thesis.strategies.update	PATCH	https://simplefunctions.dev/api/thesis/{id}/strategies/{sid}	https://docs.simplefunctions.dev/api-reference/thesis
simplefunctions	api.thesis.unpublish	DELETE	https://simplefunctions.dev/api/thesis/{id}/publish	https://docs.simplefunctions.dev/api-reference/thesis
simplefunctions	api.thesis.update	PATCH	https://simplefunctions.dev/api/thesis/{id}	https://docs.simplefunctions.dev/api-reference/thesis
simplefunctions	api.thesis.videoData	GET	https://simplefunctions.dev/api/thesis/{id}/video-data	https://docs.simplefunctions.dev/api-reference/thesis
simplefunctions	api.thesis.videos.create	POST	https://simplefunctions.dev/api/thesis/{id}/videos	https://docs.simplefunctions.dev/api-reference/thesis
simplefunctions	api.thesis.videos.list	GET	https://simplefunctions.dev/api/thesis/{id}/videos	https://docs.simplefunctions.dev/api-reference/thesis
simplefunctions	api.thesis.whatif	POST	https://simplefunctions.dev/api/thesis/{id}/whatif	https://docs.simplefunctions.dev/api-reference/thesis
simplefunctions	api.tools	GET	https://simplefunctions.dev/api/tools{query}	https://docs.simplefunctions.dev/api-reference/tools
simplefunctions	api.watch	DELETE	https://simplefunctions.dev/api/watch/{id}	https://docs.simplefunctions.dev/api-reference/watch-alerts
simplefunctions	api.watch	GET	https://simplefunctions.dev/api/watch{query}	https://docs.simplefunctions.dev/api-reference/watch-alerts
simplefunctions	api.watch.create	POST	https://simplefunctions.dev/api/watch	https://docs.simplefunctions.dev/api-reference/watch-alerts
simplefunctions	api.watch.identify	POST	https://simplefunctions.dev/api/watch/identify	https://docs.simplefunctions.dev/api-reference/watch-alerts
simplefunctions	api.watch.refresh	POST	https://simplefunctions.dev/api/watch/{id}/refresh	https://docs.simplefunctions.dev/api-reference/watch-alerts
simplefunctions	api.watch.retrieve	GET	https://simplefunctions.dev/api/watch/{id}	https://docs.simplefunctions.dev/api-reference/watch-alerts
simplefunctions	api.watch.update	PATCH	https://simplefunctions.dev/api/watch/{id}	https://docs.simplefunctions.dev/api-reference/watch-alerts
simplefunctions	api.webhookEndpoints	DELETE	https://simplefunctions.dev/api/webhook-endpoints/{id}	https://docs.simplefunctions.dev/api-reference/watch-alerts
simplefunctions	api.webhookEndpoints	GET	https://simplefunctions.dev/api/webhook-endpoints{query}	https://docs.simplefunctions.dev/api-reference/watch-alerts
simplefunctions	api.webhookEndpoints.create	POST	https://simplefunctions.dev/api/webhook-endpoints	https://docs.simplefunctions.dev/api-reference/watch-alerts
simplefunctions	api.webhookEndpoints.test	POST	https://simplefunctions.dev/api/webhook-endpoints/{id}/test	https://docs.simplefunctions.dev/api-reference/watch-alerts
simplefunctions	api.webhookEndpoints.update	PATCH	https://simplefunctions.dev/api/webhook-endpoints/{id}	https://docs.simplefunctions.dev/api-reference/watch-alerts
simplefunctions	api.x.account	GET	https://simplefunctions.dev/api/x/account{query}	https://docs.simplefunctions.dev/inventory/surface-map
simplefunctions	api.x.news	GET	https://simplefunctions.dev/api/x/news{query}	https://docs.simplefunctions.dev/inventory/surface-map
simplefunctions	api.x.search	GET	https://simplefunctions.dev/api/x/search{query}	https://docs.simplefunctions.dev/inventory/surface-map
simplefunctions	api.x.volume	GET	https://simplefunctions.dev/api/x/volume{query}	https://docs.simplefunctions.dev/inventory/surface-map
simplefunctions	data.v1.candles	GET	https://data.simplefunctions.dev/v1/candles/{ticker}{query}	https://docs.simplefunctions.dev/reference/realtime-data
simplefunctions	data.v1.heartbeat	GET	https://data.simplefunctions.dev/v1/heartbeat	https://docs.simplefunctions.dev/reference/realtime-data
simplefunctions	data.v1.markets	GET	https://data.simplefunctions.dev/v1/markets{query}	https://docs.simplefunctions.dev/reference/realtime-data
simplefunctions	data.v1.markets.featured	GET	https://data.simplefunctions.dev/v1/markets/featured{query}	https://docs.simplefunctions.dev/reference/realtime-data
simplefunctions	data.v1.markets.retrieve	GET	https://data.simplefunctions.dev/v1/markets/{ticker}	https://docs.simplefunctions.dev/reference/realtime-data
simplefunctions	data.v1.movers	GET	https://data.simplefunctions.dev/v1/movers{query}	https://docs.simplefunctions.dev/reference/realtime-data
simplefunctions	data.v1.orderbook	GET	https://data.simplefunctions.dev/v1/orderbook/{ticker}	https://docs.simplefunctions.dev/reference/realtime-data
simplefunctions	data.v1.search	GET	https://data.simplefunctions.dev/v1/search{query}	https://docs.simplefunctions.dev/reference/realtime-data
simplefunctions	data.v1.snapshot	GET	https://data.simplefunctions.dev/v1/snapshot	https://docs.simplefunctions.dev/reference/realtime-data
simplefunctions	data.v1.trades	GET	https://data.simplefunctions.dev/v1/trades/{ticker}{query}	https://docs.simplefunctions.dev/reference/realtime-data
alibaba	api.v1.services.aigc.imageGeneration.generation	POST	https://dashscope.aliyuncs.com/api/v1/services/aigc/image-generation/generation
alibaba	api.v1.services.aigc.multimodalGeneration.generation	POST	https://dashscope.aliyuncs.com/api/v1/services/aigc/multimodal-generation/generation	https://www.alibabacloud.com/help/en/model-studio/qwen-image-edit
alibaba	api.v1.services.aigc.videoGeneration.videoSynthesis	POST	https://dashscope.aliyuncs.com/api/v1/services/aigc/video-generation/video-synthesis	https://help.aliyun.com/zh/model-studio
alibaba	api.v1.tasks	GET	https://dashscope.aliyuncs.com/api/v1/tasks/{taskId}	https://help.aliyun.com/zh/model-studio
alibaba	api.v1.uploads	GET	https://dashscope.aliyuncs.com/api/v1/uploads	https://help.aliyun.com/zh/model-studio
alibaba	compatibleMode.v1.chat.completions	POST	https://dashscope.aliyuncs.com/compatible-mode/v1/chat/completions	https://help.aliyun.com/zh/model-studio
alibaba	compatibleMode.v1.models	GET	https://dashscope.aliyuncs.com/compatible-mode/v1/models	https://help.aliyun.com/zh/model-studio
binance	api.v3.ping	GET	https://api.binance.com/api/v3/ping	https://developers.binance.com/docs/binance-spot-api-docs/rest-api/general-endpoints#test-connectivity
binance	api.v3.referencePrice	GET	https://api.binance.com/api/v3/referencePrice{query}	https://developers.binance.com/docs/binance-spot-api-docs/rest-api/market-data-endpoints#query-reference-price
binance	api.v3.referencePrice.calculation	GET	https://api.binance.com/api/v3/referencePrice/calculation{query}	https://developers.binance.com/docs/binance-spot-api-docs/rest-api/market-data-endpoints#query-reference-price-calculation
binance	api.v3.exchangeInfo	GET	https://api.binance.com/api/v3/exchangeInfo{query}	https://developers.binance.com/docs/binance-spot-api-docs/rest-api/general-endpoints#exchange-information
binance	api.v3.executionRules	GET	https://api.binance.com/api/v3/executionRules{query}	https://developers.binance.com/docs/binance-spot-api-docs/rest-api/general-endpoints#query-execution-rules
binance	api.v3.time	GET	https://api.binance.com/api/v3/time	https://developers.binance.com/docs/binance-spot-api-docs/rest-api/general-endpoints#check-server-time
binance	api.v3.depth	GET	https://api.binance.com/api/v3/depth{query}	https://developers.binance.com/docs/binance-spot-api-docs/rest-api/market-data-endpoints#order-book
binance	api.v3.trades	GET	https://api.binance.com/api/v3/trades{query}	https://developers.binance.com/docs/binance-spot-api-docs/rest-api/market-data-endpoints#recent-trades-list
binance	api.v3.historicalTrades	GET	https://api.binance.com/api/v3/historicalTrades{query}	https://developers.binance.com/docs/binance-spot-api-docs/rest-api/market-data-endpoints#old-trade-lookup
binance	api.v3.historicalBlockTrades	GET	https://api.binance.com/api/v3/historicalBlockTrades{query}	https://developers.binance.com/docs/binance-spot-api-docs/rest-api/market-data-endpoints#historical-block-trades
binance	api.v3.aggTrades	GET	https://api.binance.com/api/v3/aggTrades{query}	https://developers.binance.com/docs/binance-spot-api-docs/rest-api/market-data-endpoints#compressedaggregate-trades-list
binance	api.v3.klines	GET	https://api.binance.com/api/v3/klines{query}	https://developers.binance.com/docs/binance-spot-api-docs/rest-api/market-data-endpoints#klinecandlestick-data
binance	api.v3.uiKlines	GET	https://api.binance.com/api/v3/uiKlines{query}	https://developers.binance.com/docs/binance-spot-api-docs/rest-api/market-data-endpoints#uiklines
binance	api.v3.avgPrice	GET	https://api.binance.com/api/v3/avgPrice{query}	https://developers.binance.com/docs/binance-spot-api-docs/rest-api/market-data-endpoints#current-average-price
binance	api.v3.ticker.twentyFourHr	GET	https://api.binance.com/api/v3/ticker/24hr{query}	https://developers.binance.com/docs/binance-spot-api-docs/rest-api/market-data-endpoints#24hr-ticker-price-change-statistics
binance	api.v3.ticker.tradingDay	GET	https://api.binance.com/api/v3/ticker/tradingDay{query}	https://developers.binance.com/docs/binance-spot-api-docs/rest-api/market-data-endpoints#trading-day-ticker
binance	api.v3.ticker.price	GET	https://api.binance.com/api/v3/ticker/price{query}	https://developers.binance.com/docs/binance-spot-api-docs/rest-api/market-data-endpoints#symbol-price-ticker
binance	api.v3.ticker.bookTicker	GET	https://api.binance.com/api/v3/ticker/bookTicker{query}	https://developers.binance.com/docs/binance-spot-api-docs/rest-api/market-data-endpoints#symbol-order-book-ticker
binance	api.v3.ticker	GET	https://api.binance.com/api/v3/ticker{query}	https://developers.binance.com/docs/binance-spot-api-docs/rest-api/market-data-endpoints#rolling-window-price-change-statistics
binance	eapi.v1.ping	GET	https://eapi.binance.com/eapi/v1/ping	https://developers.binance.com/docs/derivatives/options-trading/market-data/Test-Connectivity
binance	eapi.v1.time	GET	https://eapi.binance.com/eapi/v1/time	https://developers.binance.com/docs/derivatives/options-trading/market-data/Check-Server-Time
binance	eapi.v1.exchangeInfo	GET	https://eapi.binance.com/eapi/v1/exchangeInfo	https://developers.binance.com/docs/derivatives/options-trading/market-data/Exchange-Information
binance	eapi.v1.ticker	GET	https://eapi.binance.com/eapi/v1/ticker{query}	https://developers.binance.com/docs/derivatives/options-trading/market-data/24hr-Ticker-Price-Change-Statistics
binance	eapi.v1.exerciseHistory	GET	https://eapi.binance.com/eapi/v1/exerciseHistory{query}	https://developers.binance.com/docs/derivatives/options-trading/market-data/Historical-Exercise-Records
binance	eapi.v1.openInterest	GET	https://eapi.binance.com/eapi/v1/openInterest{query}	https://developers.binance.com/docs/derivatives/options-trading/market-data/Open-Interest
binance	eapi.v1.depth	GET	https://eapi.binance.com/eapi/v1/depth{query}	https://developers.binance.com/docs/derivatives/options-trading/market-data/Order-Book
binance	eapi.v1.trades	GET	https://eapi.binance.com/eapi/v1/trades{query}	https://developers.binance.com/docs/derivatives/options-trading/market-data/Recent-Trades-List
binance	eapi.v1.blockTrades	GET	https://eapi.binance.com/eapi/v1/blockTrades{query}	https://developers.binance.com/docs/derivatives/options-trading/market-data/Recent-Block-Trade-List
binance	eapi.v1.index	GET	https://eapi.binance.com/eapi/v1/index{query}	https://developers.binance.com/docs/derivatives/options-trading/market-data/Symbol-Price-Ticker
binance	eapi.v1.klines	GET	https://eapi.binance.com/eapi/v1/klines{query}	https://developers.binance.com/docs/derivatives/options-trading/market-data/Kline-Candlestick-Data
binance	eapi.v1.mark	GET	https://eapi.binance.com/eapi/v1/mark{query}	https://developers.binance.com/docs/derivatives/options-trading/market-data/Option-Mark-Price
binance	dapi.v1.ping	GET	https://dapi.binance.com/dapi/v1/ping	https://developers.binance.com/docs/derivatives/coin-margined-futures/market-data/rest-api/Test-Connectivity
binance	dapi.v1.time	GET	https://dapi.binance.com/dapi/v1/time	https://developers.binance.com/docs/derivatives/coin-margined-futures/market-data/rest-api/Check-Server-time
binance	dapi.v1.exchangeInfo	GET	https://dapi.binance.com/dapi/v1/exchangeInfo	https://developers.binance.com/docs/derivatives/coin-margined-futures/market-data/rest-api/Exchange-Information
binance	dapi.v1.depth	GET	https://dapi.binance.com/dapi/v1/depth{query}	https://developers.binance.com/docs/derivatives/coin-margined-futures/market-data/rest-api/Order-Book
binance	dapi.v1.trades	GET	https://dapi.binance.com/dapi/v1/trades{query}	https://developers.binance.com/docs/derivatives/coin-margined-futures/market-data/rest-api/Recent-Trades-List
binance	dapi.v1.aggTrades	GET	https://dapi.binance.com/dapi/v1/aggTrades{query}	https://developers.binance.com/docs/derivatives/coin-margined-futures/market-data/rest-api/Compressed-Aggregate-Trades-List
binance	dapi.v1.premiumIndex	GET	https://dapi.binance.com/dapi/v1/premiumIndex{query}	https://developers.binance.com/docs/derivatives/coin-margined-futures/market-data/rest-api/Index-Price-and-Mark-Price
binance	dapi.v1.fundingRate	GET	https://dapi.binance.com/dapi/v1/fundingRate{query}	https://developers.binance.com/docs/derivatives/coin-margined-futures/market-data/rest-api/Get-Funding-Rate-History-of-Perpetual-Futures
binance	dapi.v1.fundingInfo	GET	https://dapi.binance.com/dapi/v1/fundingInfo	https://developers.binance.com/docs/derivatives/coin-margined-futures/market-data/rest-api/Get-Funding-Info
binance	dapi.v1.klines	GET	https://dapi.binance.com/dapi/v1/klines{query}	https://developers.binance.com/docs/derivatives/coin-margined-futures/market-data/rest-api/Kline-Candlestick-Data
binance	dapi.v1.continuousKlines	GET	https://dapi.binance.com/dapi/v1/continuousKlines{query}	https://developers.binance.com/docs/derivatives/coin-margined-futures/market-data/rest-api/Continuous-Contract-Kline-Candlestick-Data
binance	dapi.v1.indexPriceKlines	GET	https://dapi.binance.com/dapi/v1/indexPriceKlines{query}	https://developers.binance.com/docs/derivatives/coin-margined-futures/market-data/rest-api/Index-Price-Kline-Candlestick-Data
binance	dapi.v1.markPriceKlines	GET	https://dapi.binance.com/dapi/v1/markPriceKlines{query}	https://developers.binance.com/docs/derivatives/coin-margined-futures/market-data/rest-api/Mark-Price-Kline-Candlestick-Data
binance	dapi.v1.premiumIndexKlines	GET	https://dapi.binance.com/dapi/v1/premiumIndexKlines{query}	https://developers.binance.com/docs/derivatives/coin-margined-futures/market-data/rest-api/Premium-Index-Kline-Data
binance	dapi.v1.ticker.twentyFourHr	GET	https://dapi.binance.com/dapi/v1/ticker/24hr{query}	https://developers.binance.com/docs/derivatives/coin-margined-futures/market-data/rest-api/24hr-Ticker-Price-Change-Statistics
binance	dapi.v1.ticker.price	GET	https://dapi.binance.com/dapi/v1/ticker/price{query}	https://developers.binance.com/docs/derivatives/coin-margined-futures/market-data/rest-api/Symbol-Price-Ticker
binance	dapi.v1.ticker.bookTicker	GET	https://dapi.binance.com/dapi/v1/ticker/bookTicker{query}	https://developers.binance.com/docs/derivatives/coin-margined-futures/market-data/rest-api/Symbol-Order-Book-Ticker
binance	dapi.v1.openInterest	GET	https://dapi.binance.com/dapi/v1/openInterest{query}	https://developers.binance.com/docs/derivatives/coin-margined-futures/market-data/rest-api/Open-Interest
binance	dapi.v1.constituents	GET	https://dapi.binance.com/dapi/v1/constituents{query}	https://developers.binance.com/docs/derivatives/coin-margined-futures/market-data/rest-api/Index-Constituents
binance	coinMFutures.data.openInterestHist	GET	https://dapi.binance.com/futures/data/openInterestHist{query}	https://developers.binance.com/docs/derivatives/coin-margined-futures/market-data/rest-api/Open-Interest-Statistics
binance	coinMFutures.data.topLongShortPositionRatio	GET	https://dapi.binance.com/futures/data/topLongShortPositionRatio{query}	https://developers.binance.com/docs/derivatives/coin-margined-futures/market-data/rest-api/Top-Trader-Long-Short-Ratio
binance	coinMFutures.data.topLongShortAccountRatio	GET	https://dapi.binance.com/futures/data/topLongShortAccountRatio{query}	https://developers.binance.com/docs/derivatives/coin-margined-futures/market-data/rest-api/Top-Long-Short-Account-Ratio
binance	coinMFutures.data.globalLongShortAccountRatio	GET	https://dapi.binance.com/futures/data/globalLongShortAccountRatio{query}	https://developers.binance.com/docs/derivatives/coin-margined-futures/market-data/rest-api/Long-Short-Ratio
binance	coinMFutures.data.takerBuySellVol	GET	https://dapi.binance.com/futures/data/takerBuySellVol{query}	https://developers.binance.com/docs/derivatives/coin-margined-futures/market-data/rest-api/Taker-Buy-Sell-Volume
binance	coinMFutures.data.basis	GET	https://dapi.binance.com/futures/data/basis{query}	https://developers.binance.com/docs/derivatives/coin-margined-futures/market-data/rest-api/Basis
binance	coinMFutures.data.deliveryPrice	GET	https://dapi.binance.com/futures/data/delivery-price{query}	https://developers.binance.com/docs/derivatives/usds-margined-futures/market-data/rest-api/Delivery-Price
binance	public.coinMFutures.dapi.v1.ping	GET	https://dapi.binance.com/dapi/v1/ping	https://developers.binance.com/docs/derivatives/coin-margined-futures/market-data/rest-api/Test-Connectivity
binance	public.options.eapi.v1.ping	GET	https://eapi.binance.com/eapi/v1/ping	https://developers.binance.com/docs/derivatives/options-trading/market-data/Test-Connectivity
binance	public.spot.api.v3.ping	GET	https://api.binance.com/api/v3/ping	https://developers.binance.com/docs/binance-spot-api-docs/rest-api/general-endpoints#test-connectivity
binance	public.spotData.api.v3.ping	GET	https://data-api.binance.vision/api/v3/ping	https://developers.binance.com/docs/binance-spot-api-docs/faqs/market_data_only
binance	public.usdMFutures.fapi.v1.ping	GET	https://fapi.binance.com/fapi/v1/ping	https://developers.binance.com/docs/derivatives/usds-margined-futures/market-data/rest-api/Test-Connectivity
binance	fapi.v1.ping	GET	https://fapi.binance.com/fapi/v1/ping	https://developers.binance.com/docs/derivatives/usds-margined-futures/market-data/rest-api/Test-Connectivity
binance	fapi.v1.time	GET	https://fapi.binance.com/fapi/v1/time	https://developers.binance.com/docs/derivatives/usds-margined-futures/market-data/rest-api/Check-Server-Time
binance	fapi.v1.exchangeInfo	GET	https://fapi.binance.com/fapi/v1/exchangeInfo	https://developers.binance.com/docs/derivatives/usds-margined-futures/market-data/rest-api/Exchange-Information
binance	fapi.v1.depth	GET	https://fapi.binance.com/fapi/v1/depth{query}	https://developers.binance.com/docs/derivatives/usds-margined-futures/market-data/rest-api/Order-Book
binance	fapi.v1.rpiDepth	GET	https://fapi.binance.com/fapi/v1/rpiDepth{query}	https://developers.binance.com/docs/derivatives/usds-margined-futures/market-data/rest-api/Order-Book-RPI
binance	fapi.v1.trades	GET	https://fapi.binance.com/fapi/v1/trades{query}	https://developers.binance.com/docs/derivatives/usds-margined-futures/market-data/rest-api/Recent-Trades-List
binance	fapi.v1.aggTrades	GET	https://fapi.binance.com/fapi/v1/aggTrades{query}	https://developers.binance.com/docs/derivatives/usds-margined-futures/market-data/rest-api/Compressed-Aggregate-Trades-List
binance	fapi.v1.klines	GET	https://fapi.binance.com/fapi/v1/klines{query}	https://developers.binance.com/docs/derivatives/usds-margined-futures/market-data/rest-api/Kline-Candlestick-Data
binance	fapi.v1.continuousKlines	GET	https://fapi.binance.com/fapi/v1/continuousKlines{query}	https://developers.binance.com/docs/derivatives/usds-margined-futures/market-data/rest-api/Continuous-Contract-Kline-Candlestick-Data
binance	fapi.v1.indexPriceKlines	GET	https://fapi.binance.com/fapi/v1/indexPriceKlines{query}	https://developers.binance.com/docs/derivatives/usds-margined-futures/market-data/rest-api/Index-Price-Kline-Candlestick-Data
binance	fapi.v1.markPriceKlines	GET	https://fapi.binance.com/fapi/v1/markPriceKlines{query}	https://developers.binance.com/docs/derivatives/usds-margined-futures/market-data/rest-api/Mark-Price-Kline-Candlestick-Data
binance	fapi.v1.premiumIndexKlines	GET	https://fapi.binance.com/fapi/v1/premiumIndexKlines{query}	https://developers.binance.com/docs/derivatives/usds-margined-futures/market-data/rest-api/Premium-Index-Kline-Data
binance	fapi.v1.premiumIndex	GET	https://fapi.binance.com/fapi/v1/premiumIndex{query}	https://developers.binance.com/docs/derivatives/usds-margined-futures/market-data/rest-api/Mark-Price
binance	fapi.v1.fundingRate	GET	https://fapi.binance.com/fapi/v1/fundingRate{query}	https://developers.binance.com/docs/derivatives/usds-margined-futures/market-data/rest-api/Get-Funding-Rate-History
binance	fapi.v1.fundingInfo	GET	https://fapi.binance.com/fapi/v1/fundingInfo	https://developers.binance.com/docs/derivatives/usds-margined-futures/market-data/rest-api/Get-Funding-Rate-Info
binance	fapi.v1.ticker.twentyFourHr	GET	https://fapi.binance.com/fapi/v1/ticker/24hr{query}	https://developers.binance.com/docs/derivatives/usds-margined-futures/market-data/rest-api/24hr-Ticker-Price-Change-Statistics
binance	fapi.v1.ticker.bookTicker	GET	https://fapi.binance.com/fapi/v1/ticker/bookTicker{query}	https://developers.binance.com/docs/derivatives/usds-margined-futures/market-data/rest-api/Symbol-Order-Book-Ticker
binance	fapi.v2.ticker.price	GET	https://fapi.binance.com/fapi/v2/ticker/price{query}	https://developers.binance.com/docs/derivatives/usds-margined-futures/market-data/rest-api/Symbol-Price-Ticker-v2
binance	fapi.v1.openInterest	GET	https://fapi.binance.com/fapi/v1/openInterest{query}	https://developers.binance.com/docs/derivatives/usds-margined-futures/market-data/rest-api/Open-Interest
binance	fapi.v1.indexInfo	GET	https://fapi.binance.com/fapi/v1/indexInfo{query}	https://developers.binance.com/docs/derivatives/usds-margined-futures/market-data/rest-api/Composite-Index-Symbol-Information
binance	fapi.v1.assetIndex	GET	https://fapi.binance.com/fapi/v1/assetIndex{query}	https://developers.binance.com/docs/derivatives/usds-margined-futures/market-data/rest-api/Multi-Assets-Mode-Asset-Index
binance	fapi.v1.constituents	GET	https://fapi.binance.com/fapi/v1/constituents{query}	https://developers.binance.com/docs/derivatives/usds-margined-futures/market-data/rest-api/Index-Constituents
binance	fapi.v1.insuranceBalance	GET	https://fapi.binance.com/fapi/v1/insuranceBalance{query}	https://developers.binance.com/docs/derivatives/usds-margined-futures/market-data/rest-api/Insurance-Fund-Balance
binance	fapi.v1.symbolAdlRisk	GET	https://fapi.binance.com/fapi/v1/symbolAdlRisk{query}	https://developers.binance.com/docs/derivatives/usds-margined-futures/market-data/rest-api/ADL-Risk
binance	fapi.v1.tradingSchedule	GET	https://fapi.binance.com/fapi/v1/tradingSchedule	https://developers.binance.com/docs/derivatives/usds-margined-futures/market-data/rest-api/Trading-Schedule
binance	futures.data.deliveryPrice	GET	https://fapi.binance.com/futures/data/delivery-price{query}	https://developers.binance.com/docs/derivatives/usds-margined-futures/market-data/rest-api/Delivery-Price
binance	futures.data.openInterestHist	GET	https://fapi.binance.com/futures/data/openInterestHist{query}	https://developers.binance.com/docs/derivatives/usds-margined-futures/market-data/rest-api/Open-Interest-Statistics
binance	futures.data.topLongShortPositionRatio	GET	https://fapi.binance.com/futures/data/topLongShortPositionRatio{query}	https://developers.binance.com/docs/derivatives/usds-margined-futures/market-data/rest-api/Top-Trader-Long-Short-Ratio
binance	futures.data.topLongShortAccountRatio	GET	https://fapi.binance.com/futures/data/topLongShortAccountRatio{query}	https://developers.binance.com/docs/derivatives/usds-margined-futures/market-data/rest-api/Top-Long-Short-Account-Ratio
binance	futures.data.globalLongShortAccountRatio	GET	https://fapi.binance.com/futures/data/globalLongShortAccountRatio{query}	https://developers.binance.com/docs/derivatives/usds-margined-futures/market-data/rest-api/Long-Short-Ratio
binance	futures.data.takerlongshortRatio	GET	https://fapi.binance.com/futures/data/takerlongshortRatio{query}	https://developers.binance.com/docs/derivatives/usds-margined-futures/market-data/rest-api/Taker-BuySell-Volume
binance	futures.data.basis	GET	https://fapi.binance.com/futures/data/basis{query}	https://developers.binance.com/docs/derivatives/usds-margined-futures/market-data/rest-api/Basis
s3	buckets.list	GET	https://s3.us-east-1.amazonaws.com/	https://docs.aws.amazon.com/AmazonS3/latest/API/API_ListBuckets.html
s3	buckets.listDirectory	GET	https://s3express-control.{param}.amazonaws.com/{query}	https://docs.aws.amazon.com/AmazonS3/latest/API/API_ListDirectoryBuckets.html
s3	buckets.create	PUT	https://s3.us-east-1.amazonaws.com/{bucket}	https://docs.aws.amazon.com/AmazonS3/latest/API/API_CreateBucket.html
s3	buckets.createSession	GET	https://s3express-{param}.{param}.amazonaws.com/{bucket}?session	https://docs.aws.amazon.com/AmazonS3/latest/API/API_CreateSession.html
s3	buckets.del	DELETE	https://s3.us-east-1.amazonaws.com/{bucket}	https://docs.aws.amazon.com/AmazonS3/latest/API/API_DeleteBucket.html
s3	buckets.head	HEAD	https://s3.us-east-1.amazonaws.com/{bucket}	https://docs.aws.amazon.com/AmazonS3/latest/API/API_HeadBucket.html
s3	buckets.location	GET	https://s3.us-east-1.amazonaws.com/{bucket}?location	https://docs.aws.amazon.com/AmazonS3/latest/API/API_GetBucketLocation.html
s3	buckets.getVersioning	GET	https://s3.us-east-1.amazonaws.com/{bucket}?versioning	https://docs.aws.amazon.com/AmazonS3/latest/API/API_GetBucketVersioning.html
s3	buckets.putVersioning	PUT	https://s3.us-east-1.amazonaws.com/{bucket}?versioning	https://docs.aws.amazon.com/AmazonS3/latest/API/API_PutBucketVersioning.html
s3	buckets.getObjectLockConfiguration	GET	https://s3.us-east-1.amazonaws.com/{bucket}?object-lock	https://docs.aws.amazon.com/AmazonS3/latest/API/API_GetObjectLockConfiguration.html
s3	buckets.putObjectLockConfiguration	PUT	https://s3.us-east-1.amazonaws.com/{bucket}?object-lock	https://docs.aws.amazon.com/AmazonS3/latest/API/API_PutObjectLockConfiguration.html
s3	buckets.getCors	GET	https://s3.us-east-1.amazonaws.com/{bucket}?cors	https://docs.aws.amazon.com/AmazonS3/latest/API/API_GetBucketCors.html
s3	buckets.putCors	PUT	https://s3.us-east-1.amazonaws.com/{bucket}?cors	https://docs.aws.amazon.com/AmazonS3/latest/API/API_PutBucketCors.html
s3	buckets.delCors	DELETE	https://s3.us-east-1.amazonaws.com/{bucket}?cors	https://docs.aws.amazon.com/AmazonS3/latest/API/API_DeleteBucketCors.html
s3	buckets.getLifecycle	GET	https://s3.us-east-1.amazonaws.com/{bucket}?lifecycle	https://docs.aws.amazon.com/AmazonS3/latest/API/API_GetBucketLifecycleConfiguration.html
s3	buckets.putLifecycle	PUT	https://s3.us-east-1.amazonaws.com/{bucket}?lifecycle	https://docs.aws.amazon.com/AmazonS3/latest/API/API_PutBucketLifecycleConfiguration.html
s3	buckets.getLifecycleLegacy	GET	https://s3.us-east-1.amazonaws.com/{bucket}?lifecycle	https://docs.aws.amazon.com/AmazonS3/latest/API/API_GetBucketLifecycle.html
s3	buckets.putLifecycleLegacy	PUT	https://s3.us-east-1.amazonaws.com/{bucket}?lifecycle	https://docs.aws.amazon.com/AmazonS3/latest/API/API_PutBucketLifecycle.html
s3	buckets.delLifecycle	DELETE	https://s3.us-east-1.amazonaws.com/{bucket}?lifecycle	https://docs.aws.amazon.com/AmazonS3/latest/API/API_DeleteBucketLifecycle.html
s3	buckets.getEncryption	GET	https://s3.us-east-1.amazonaws.com/{bucket}?encryption	https://docs.aws.amazon.com/AmazonS3/latest/API/API_GetBucketEncryption.html
s3	buckets.putEncryption	PUT	https://s3.us-east-1.amazonaws.com/{bucket}?encryption	https://docs.aws.amazon.com/AmazonS3/latest/API/API_PutBucketEncryption.html
s3	buckets.delEncryption	DELETE	https://s3.us-east-1.amazonaws.com/{bucket}?encryption	https://docs.aws.amazon.com/AmazonS3/latest/API/API_DeleteBucketEncryption.html
s3	buckets.getPolicy	GET	https://s3.us-east-1.amazonaws.com/{bucket}?policy	https://docs.aws.amazon.com/AmazonS3/latest/API/API_GetBucketPolicy.html
s3	buckets.putPolicy	PUT	https://s3.us-east-1.amazonaws.com/{bucket}?policy	https://docs.aws.amazon.com/AmazonS3/latest/API/API_PutBucketPolicy.html
s3	buckets.delPolicy	DELETE	https://s3.us-east-1.amazonaws.com/{bucket}?policy	https://docs.aws.amazon.com/AmazonS3/latest/API/API_DeleteBucketPolicy.html
s3	buckets.getPolicyStatus	GET	https://s3.us-east-1.amazonaws.com/{bucket}?policyStatus	https://docs.aws.amazon.com/AmazonS3/latest/API/API_GetBucketPolicyStatus.html
s3	buckets.getTagging	GET	https://s3.us-east-1.amazonaws.com/{bucket}?tagging	https://docs.aws.amazon.com/AmazonS3/latest/API/API_GetBucketTagging.html
s3	buckets.putTagging	PUT	https://s3.us-east-1.amazonaws.com/{bucket}?tagging	https://docs.aws.amazon.com/AmazonS3/latest/API/API_PutBucketTagging.html
s3	buckets.delTagging	DELETE	https://s3.us-east-1.amazonaws.com/{bucket}?tagging	https://docs.aws.amazon.com/AmazonS3/latest/API/API_DeleteBucketTagging.html
s3	buckets.getPublicAccessBlock	GET	https://s3.us-east-1.amazonaws.com/{bucket}?publicAccessBlock	https://docs.aws.amazon.com/AmazonS3/latest/API/API_GetPublicAccessBlock.html
s3	buckets.putPublicAccessBlock	PUT	https://s3.us-east-1.amazonaws.com/{bucket}?publicAccessBlock	https://docs.aws.amazon.com/AmazonS3/latest/API/API_PutPublicAccessBlock.html
s3	buckets.delPublicAccessBlock	DELETE	https://s3.us-east-1.amazonaws.com/{bucket}?publicAccessBlock	https://docs.aws.amazon.com/AmazonS3/latest/API/API_DeletePublicAccessBlock.html
s3	buckets.getOwnershipControls	GET	https://s3.us-east-1.amazonaws.com/{bucket}?ownershipControls	https://docs.aws.amazon.com/AmazonS3/latest/API/API_GetBucketOwnershipControls.html
s3	buckets.putOwnershipControls	PUT	https://s3.us-east-1.amazonaws.com/{bucket}?ownershipControls	https://docs.aws.amazon.com/AmazonS3/latest/API/API_PutBucketOwnershipControls.html
s3	buckets.delOwnershipControls	DELETE	https://s3.us-east-1.amazonaws.com/{bucket}?ownershipControls	https://docs.aws.amazon.com/AmazonS3/latest/API/API_DeleteBucketOwnershipControls.html
s3	buckets.getWebsite	GET	https://s3.us-east-1.amazonaws.com/{bucket}?website	https://docs.aws.amazon.com/AmazonS3/latest/API/API_GetBucketWebsite.html
s3	buckets.putWebsite	PUT	https://s3.us-east-1.amazonaws.com/{bucket}?website	https://docs.aws.amazon.com/AmazonS3/latest/API/API_PutBucketWebsite.html
s3	buckets.delWebsite	DELETE	https://s3.us-east-1.amazonaws.com/{bucket}?website	https://docs.aws.amazon.com/AmazonS3/latest/API/API_DeleteBucketWebsite.html
s3	buckets.getLogging	GET	https://s3.us-east-1.amazonaws.com/{bucket}?logging	https://docs.aws.amazon.com/AmazonS3/latest/API/API_GetBucketLogging.html
s3	buckets.putLogging	PUT	https://s3.us-east-1.amazonaws.com/{bucket}?logging	https://docs.aws.amazon.com/AmazonS3/latest/API/API_PutBucketLogging.html
s3	buckets.getNotification	GET	https://s3.us-east-1.amazonaws.com/{bucket}?notification	https://docs.aws.amazon.com/AmazonS3/latest/API/API_GetBucketNotificationConfiguration.html
s3	buckets.putNotification	PUT	https://s3.us-east-1.amazonaws.com/{bucket}?notification	https://docs.aws.amazon.com/AmazonS3/latest/API/API_PutBucketNotificationConfiguration.html
s3	buckets.getNotificationLegacy	GET	https://s3.us-east-1.amazonaws.com/{bucket}?notification	https://docs.aws.amazon.com/AmazonS3/latest/API/API_GetBucketNotification.html
s3	buckets.putNotificationLegacy	PUT	https://s3.us-east-1.amazonaws.com/{bucket}?notification	https://docs.aws.amazon.com/AmazonS3/latest/API/API_PutBucketNotification.html
s3	buckets.getReplication	GET	https://s3.us-east-1.amazonaws.com/{bucket}?replication	https://docs.aws.amazon.com/AmazonS3/latest/API/API_GetBucketReplication.html
s3	buckets.putReplication	PUT	https://s3.us-east-1.amazonaws.com/{bucket}?replication	https://docs.aws.amazon.com/AmazonS3/latest/API/API_PutBucketReplication.html
s3	buckets.delReplication	DELETE	https://s3.us-east-1.amazonaws.com/{bucket}?replication	https://docs.aws.amazon.com/AmazonS3/latest/API/API_DeleteBucketReplication.html
s3	buckets.getRequestPayment	GET	https://s3.us-east-1.amazonaws.com/{bucket}?requestPayment	https://docs.aws.amazon.com/AmazonS3/latest/API/API_GetBucketRequestPayment.html
s3	buckets.putRequestPayment	PUT	https://s3.us-east-1.amazonaws.com/{bucket}?requestPayment	https://docs.aws.amazon.com/AmazonS3/latest/API/API_PutBucketRequestPayment.html
s3	buckets.getAbac	GET	https://s3.us-east-1.amazonaws.com/{bucket}?abac	https://docs.aws.amazon.com/AmazonS3/latest/API/API_GetBucketAbac.html
s3	buckets.putAbac	PUT	https://s3.us-east-1.amazonaws.com/{bucket}?abac	https://docs.aws.amazon.com/AmazonS3/latest/API/API_PutBucketAbac.html
s3	buckets.getAccelerateConfiguration	GET	https://s3.us-east-1.amazonaws.com/{bucket}?accelerate	https://docs.aws.amazon.com/AmazonS3/latest/API/API_GetBucketAccelerateConfiguration.html
s3	buckets.putAccelerateConfiguration	PUT	https://s3.us-east-1.amazonaws.com/{bucket}?accelerate	https://docs.aws.amazon.com/AmazonS3/latest/API/API_PutBucketAccelerateConfiguration.html
s3	buckets.getAcl	GET	https://s3.us-east-1.amazonaws.com/{bucket}?acl	https://docs.aws.amazon.com/AmazonS3/latest/API/API_GetBucketAcl.html
s3	buckets.putAcl	PUT	https://s3.us-east-1.amazonaws.com/{bucket}?acl	https://docs.aws.amazon.com/AmazonS3/latest/API/API_PutBucketAcl.html
s3	buckets.createMetadataConfiguration	POST	https://s3.us-east-1.amazonaws.com/{bucket}?metadataConfiguration	https://docs.aws.amazon.com/AmazonS3/latest/API/API_CreateBucketMetadataConfiguration.html
s3	buckets.getMetadataConfiguration	GET	https://s3.us-east-1.amazonaws.com/{bucket}?metadataConfiguration	https://docs.aws.amazon.com/AmazonS3/latest/API/API_GetBucketMetadataConfiguration.html
s3	buckets.delMetadataConfiguration	DELETE	https://s3.us-east-1.amazonaws.com/{bucket}?metadataConfiguration	https://docs.aws.amazon.com/AmazonS3/latest/API/API_DeleteBucketMetadataConfiguration.html
s3	buckets.createMetadataTableConfiguration	POST	https://s3.us-east-1.amazonaws.com/{bucket}?metadataTable	https://docs.aws.amazon.com/AmazonS3/latest/API/API_CreateBucketMetadataTableConfiguration.html
s3	buckets.getMetadataTableConfiguration	GET	https://s3.us-east-1.amazonaws.com/{bucket}?metadataTable	https://docs.aws.amazon.com/AmazonS3/latest/API/API_GetBucketMetadataTableConfiguration.html
s3	buckets.delMetadataTableConfiguration	DELETE	https://s3.us-east-1.amazonaws.com/{bucket}?metadataTable	https://docs.aws.amazon.com/AmazonS3/latest/API/API_DeleteBucketMetadataTableConfiguration.html
s3	buckets.updateMetadataInventoryTable	PUT	https://s3.us-east-1.amazonaws.com/{bucket}?metadataInventoryTable	https://docs.aws.amazon.com/AmazonS3/latest/API/API_UpdateBucketMetadataInventoryTableConfiguration.html
s3	buckets.updateMetadataJournalTable	PUT	https://s3.us-east-1.amazonaws.com/{bucket}?metadataJournalTable	https://docs.aws.amazon.com/AmazonS3/latest/API/API_UpdateBucketMetadataJournalTableConfiguration.html
s3	buckets.listIntelligentTiering	GET	https://s3.us-east-1.amazonaws.com/{bucket}?intelligent-tiering{query}	https://docs.aws.amazon.com/AmazonS3/latest/API/API_ListBucketIntelligentTieringConfigurations.html
s3	buckets.getIntelligentTiering	GET	https://s3.us-east-1.amazonaws.com/{bucket}?intelligent-tiering{query}	https://docs.aws.amazon.com/AmazonS3/latest/API/API_GetBucketIntelligentTieringConfiguration.html
s3	buckets.putIntelligentTiering	PUT	https://s3.us-east-1.amazonaws.com/{bucket}?intelligent-tiering{query}	https://docs.aws.amazon.com/AmazonS3/latest/API/API_PutBucketIntelligentTieringConfiguration.html
s3	buckets.delIntelligentTiering	DELETE	https://s3.us-east-1.amazonaws.com/{bucket}?intelligent-tiering{query}	https://docs.aws.amazon.com/AmazonS3/latest/API/API_DeleteBucketIntelligentTieringConfiguration.html
s3	buckets.listMetrics	GET	https://s3.us-east-1.amazonaws.com/{bucket}?metrics{query}	https://docs.aws.amazon.com/AmazonS3/latest/API/API_ListBucketMetricsConfigurations.html
s3	buckets.getMetrics	GET	https://s3.us-east-1.amazonaws.com/{bucket}?metrics{query}	https://docs.aws.amazon.com/AmazonS3/latest/API/API_GetBucketMetricsConfiguration.html
s3	buckets.putMetrics	PUT	https://s3.us-east-1.amazonaws.com/{bucket}?metrics{query}	https://docs.aws.amazon.com/AmazonS3/latest/API/API_PutBucketMetricsConfiguration.html
s3	buckets.delMetrics	DELETE	https://s3.us-east-1.amazonaws.com/{bucket}?metrics{query}	https://docs.aws.amazon.com/AmazonS3/latest/API/API_DeleteBucketMetricsConfiguration.html
s3	buckets.listInventory	GET	https://s3.us-east-1.amazonaws.com/{bucket}?inventory{query}	https://docs.aws.amazon.com/AmazonS3/latest/API/API_ListBucketInventoryConfigurations.html
s3	buckets.getInventory	GET	https://s3.us-east-1.amazonaws.com/{bucket}?inventory{query}	https://docs.aws.amazon.com/AmazonS3/latest/API/API_GetBucketInventoryConfiguration.html
s3	buckets.putInventory	PUT	https://s3.us-east-1.amazonaws.com/{bucket}?inventory{query}	https://docs.aws.amazon.com/AmazonS3/latest/API/API_PutBucketInventoryConfiguration.html
s3	buckets.delInventory	DELETE	https://s3.us-east-1.amazonaws.com/{bucket}?inventory{query}	https://docs.aws.amazon.com/AmazonS3/latest/API/API_DeleteBucketInventoryConfiguration.html
s3	buckets.listAnalytics	GET	https://s3.us-east-1.amazonaws.com/{bucket}?analytics{query}	https://docs.aws.amazon.com/AmazonS3/latest/API/API_ListBucketAnalyticsConfigurations.html
s3	buckets.getAnalytics	GET	https://s3.us-east-1.amazonaws.com/{bucket}?analytics{query}	https://docs.aws.amazon.com/AmazonS3/latest/API/API_GetBucketAnalyticsConfiguration.html
s3	buckets.putAnalytics	PUT	https://s3.us-east-1.amazonaws.com/{bucket}?analytics{query}	https://docs.aws.amazon.com/AmazonS3/latest/API/API_PutBucketAnalyticsConfiguration.html
s3	buckets.delAnalytics	DELETE	https://s3.us-east-1.amazonaws.com/{bucket}?analytics{query}	https://docs.aws.amazon.com/AmazonS3/latest/API/API_DeleteBucketAnalyticsConfiguration.html
s3	objects.listLegacy	GET	https://s3.us-east-1.amazonaws.com/{bucket}{query}	https://docs.aws.amazon.com/AmazonS3/latest/API/API_ListObjects.html
s3	objects.list	GET	https://s3.us-east-1.amazonaws.com/{bucket}?list-type=2{query}	https://docs.aws.amazon.com/AmazonS3/latest/API/API_ListObjectsV2.html
s3	objects.listVersions	GET	https://s3.us-east-1.amazonaws.com/{bucket}?versions{query}	https://docs.aws.amazon.com/AmazonS3/latest/API/API_ListObjectVersions.html
s3	objects.put	PUT	https://s3.us-east-1.amazonaws.com/{bucket}/{key}	https://docs.aws.amazon.com/AmazonS3/latest/API/API_PutObject.html
s3	objects.copy	PUT	https://s3.us-east-1.amazonaws.com/{bucket}/{key}	https://docs.aws.amazon.com/AmazonS3/latest/API/API_CopyObject.html
s3	objects.rename	PUT	https://s3express-{param}.{param}.amazonaws.com/{bucket}/{key}?renameObject	https://docs.aws.amazon.com/AmazonS3/latest/API/API_RenameObject.html
s3	objects.createMultipartUpload	POST	https://s3.us-east-1.amazonaws.com/{bucket}/{key}?uploads	https://docs.aws.amazon.com/AmazonS3/latest/API/API_CreateMultipartUpload.html
s3	objects.uploadPart	PUT	https://s3.us-east-1.amazonaws.com/{bucket}/{key}{query}	https://docs.aws.amazon.com/AmazonS3/latest/API/API_UploadPart.html
s3	objects.uploadPartCopy	PUT	https://s3.us-east-1.amazonaws.com/{bucket}/{key}{query}	https://docs.aws.amazon.com/AmazonS3/latest/API/API_UploadPartCopy.html
s3	objects.completeMultipartUpload	POST	https://s3.us-east-1.amazonaws.com/{bucket}/{key}{query}	https://docs.aws.amazon.com/AmazonS3/latest/API/API_CompleteMultipartUpload.html
s3	objects.abortMultipartUpload	DELETE	https://s3.us-east-1.amazonaws.com/{bucket}/{key}{query}	https://docs.aws.amazon.com/AmazonS3/latest/API/API_AbortMultipartUpload.html
s3	objects.listParts	GET	https://s3.us-east-1.amazonaws.com/{bucket}/{key}{query}	https://docs.aws.amazon.com/AmazonS3/latest/API/API_ListParts.html
s3	objects.listMultipartUploads	GET	https://s3.us-east-1.amazonaws.com/{bucket}?uploads{query}	https://docs.aws.amazon.com/AmazonS3/latest/API/API_ListMultipartUploads.html
s3	objects.get	GET	https://s3.us-east-1.amazonaws.com/{bucket}/{key}{query}	https://docs.aws.amazon.com/AmazonS3/latest/API/API_GetObject.html
s3	objects.getStream	GET	https://s3.us-east-1.amazonaws.com/{bucket}/{key}{query}	https://docs.aws.amazon.com/AmazonS3/latest/API/API_GetObject.html
s3	objects.head	HEAD	https://s3.us-east-1.amazonaws.com/{bucket}/{key}{query}	https://docs.aws.amazon.com/AmazonS3/latest/API/API_HeadObject.html
s3	objects.del	DELETE	https://s3.us-east-1.amazonaws.com/{bucket}/{key}{query}	https://docs.aws.amazon.com/AmazonS3/latest/API/API_DeleteObject.html
s3	objects.delMany	POST	https://s3.us-east-1.amazonaws.com/{bucket}?delete	https://docs.aws.amazon.com/AmazonS3/latest/API/API_DeleteObjects.html
s3	objects.getTagging	GET	https://s3.us-east-1.amazonaws.com/{bucket}/{key}?tagging{query}	https://docs.aws.amazon.com/AmazonS3/latest/API/API_GetObjectTagging.html
s3	objects.putTagging	PUT	https://s3.us-east-1.amazonaws.com/{bucket}/{key}?tagging{query}	https://docs.aws.amazon.com/AmazonS3/latest/API/API_PutObjectTagging.html
s3	objects.delTagging	DELETE	https://s3.us-east-1.amazonaws.com/{bucket}/{key}?tagging{query}	https://docs.aws.amazon.com/AmazonS3/latest/API/API_DeleteObjectTagging.html
s3	objects.getAcl	GET	https://s3.us-east-1.amazonaws.com/{bucket}/{key}?acl{query}	https://docs.aws.amazon.com/AmazonS3/latest/API/API_GetObjectAcl.html
s3	objects.putAcl	PUT	https://s3.us-east-1.amazonaws.com/{bucket}/{key}?acl{query}	https://docs.aws.amazon.com/AmazonS3/latest/API/API_PutObjectAcl.html
s3	objects.getAttributes	GET	https://s3.us-east-1.amazonaws.com/{bucket}/{key}?attributes{query}	https://docs.aws.amazon.com/AmazonS3/latest/API/API_GetObjectAttributes.html
s3	objects.restore	POST	https://s3.us-east-1.amazonaws.com/{bucket}/{key}?restore{query}	https://docs.aws.amazon.com/AmazonS3/latest/API/API_RestoreObject.html
s3	objects.getLegalHold	GET	https://s3.us-east-1.amazonaws.com/{bucket}/{key}?legal-hold{query}	https://docs.aws.amazon.com/AmazonS3/latest/API/API_GetObjectLegalHold.html
s3	objects.putLegalHold	PUT	https://s3.us-east-1.amazonaws.com/{bucket}/{key}?legal-hold{query}	https://docs.aws.amazon.com/AmazonS3/latest/API/API_PutObjectLegalHold.html
s3	objects.getRetention	GET	https://s3.us-east-1.amazonaws.com/{bucket}/{key}?retention{query}	https://docs.aws.amazon.com/AmazonS3/latest/API/API_GetObjectRetention.html
s3	objects.putRetention	PUT	https://s3.us-east-1.amazonaws.com/{bucket}/{key}?retention{query}	https://docs.aws.amazon.com/AmazonS3/latest/API/API_PutObjectRetention.html
s3	objects.getTorrent	GET	https://s3.us-east-1.amazonaws.com/{bucket}/{key}?torrent{query}	https://docs.aws.amazon.com/AmazonS3/latest/API/API_GetObjectTorrent.html
s3	objects.selectContent	POST	https://s3.us-east-1.amazonaws.com/{bucket}/{key}?select&select-type=2	https://docs.aws.amazon.com/AmazonS3/latest/API/API_SelectObjectContent.html
s3	objects.updateEncryption	PUT	https://s3.us-east-1.amazonaws.com/{bucket}/{key}?encryption{query}	https://docs.aws.amazon.com/AmazonS3/latest/API/API_UpdateObjectEncryption.html
s3	objectLambda.writeGetObjectResponse	POST	https://{param}.s3-object-lambda.{param}.amazonaws.com/WriteGetObjectResponse	https://docs.aws.amazon.com/AmazonS3/latest/API/API_WriteGetObjectResponse.html
b2	buckets.list	GET	https://s3.us-west-004.backblazeb2.com/	https://www.backblaze.com/docs/en/cloud-storage-call-the-s3-compatible-api
b2	buckets.create	PUT	https://s3.us-west-004.backblazeb2.com/{bucket}	https://www.backblaze.com/docs/en/cloud-storage-call-the-s3-compatible-api
b2	buckets.del	DELETE	https://s3.us-west-004.backblazeb2.com/{bucket}	https://www.backblaze.com/docs/en/cloud-storage-call-the-s3-compatible-api
b2	buckets.head	HEAD	https://s3.us-west-004.backblazeb2.com/{bucket}	https://www.backblaze.com/docs/en/cloud-storage-call-the-s3-compatible-api
b2	buckets.location	GET	https://s3.us-west-004.backblazeb2.com/{bucket}?location	https://www.backblaze.com/docs/en/cloud-storage-call-the-s3-compatible-api
b2	buckets.getVersioning	GET	https://s3.us-west-004.backblazeb2.com/{bucket}?versioning	https://www.backblaze.com/docs/en/cloud-storage-call-the-s3-compatible-api
b2	buckets.getObjectLockConfiguration	GET	https://s3.us-west-004.backblazeb2.com/{bucket}?object-lock	https://www.backblaze.com/docs/en/cloud-storage-call-the-s3-compatible-api
b2	buckets.putObjectLockConfiguration	PUT	https://s3.us-west-004.backblazeb2.com/{bucket}?object-lock	https://www.backblaze.com/docs/en/cloud-storage-call-the-s3-compatible-api
b2	buckets.getCors	GET	https://s3.us-west-004.backblazeb2.com/{bucket}?cors	https://www.backblaze.com/docs/en/cloud-storage-call-the-s3-compatible-api
b2	buckets.putCors	PUT	https://s3.us-west-004.backblazeb2.com/{bucket}?cors	https://www.backblaze.com/docs/en/cloud-storage-call-the-s3-compatible-api
b2	buckets.delCors	DELETE	https://s3.us-west-004.backblazeb2.com/{bucket}?cors	https://www.backblaze.com/docs/en/cloud-storage-call-the-s3-compatible-api
b2	buckets.getEncryption	GET	https://s3.us-west-004.backblazeb2.com/{bucket}?encryption	https://www.backblaze.com/docs/en/cloud-storage-call-the-s3-compatible-api
b2	buckets.putEncryption	PUT	https://s3.us-west-004.backblazeb2.com/{bucket}?encryption	https://www.backblaze.com/docs/en/cloud-storage-call-the-s3-compatible-api
b2	buckets.delEncryption	DELETE	https://s3.us-west-004.backblazeb2.com/{bucket}?encryption	https://www.backblaze.com/docs/en/cloud-storage-call-the-s3-compatible-api
b2	buckets.getAcl	GET	https://s3.us-west-004.backblazeb2.com/{bucket}?acl	https://www.backblaze.com/docs/en/cloud-storage-call-the-s3-compatible-api
b2	buckets.putAcl	PUT	https://s3.us-west-004.backblazeb2.com/{bucket}?acl	https://www.backblaze.com/docs/en/cloud-storage-call-the-s3-compatible-api
b2	objects.listLegacy	GET	https://s3.us-west-004.backblazeb2.com/{bucket}{query}	https://www.backblaze.com/docs/en/cloud-storage-call-the-s3-compatible-api
b2	objects.list	GET	https://s3.us-west-004.backblazeb2.com/{bucket}?list-type=2{query}	https://www.backblaze.com/docs/en/cloud-storage-call-the-s3-compatible-api
b2	objects.listVersions	GET	https://s3.us-west-004.backblazeb2.com/{bucket}?versions{query}	https://www.backblaze.com/docs/en/cloud-storage-call-the-s3-compatible-api
b2	objects.put	PUT	https://s3.us-west-004.backblazeb2.com/{bucket}/{key}	https://www.backblaze.com/docs/en/cloud-storage-call-the-s3-compatible-api
b2	objects.copy	PUT	https://s3.us-west-004.backblazeb2.com/{bucket}/{key}	https://www.backblaze.com/docs/en/cloud-storage-call-the-s3-compatible-api
b2	objects.createMultipartUpload	POST	https://s3.us-west-004.backblazeb2.com/{bucket}/{key}?uploads	https://www.backblaze.com/docs/en/cloud-storage-call-the-s3-compatible-api
b2	objects.uploadPart	PUT	https://s3.us-west-004.backblazeb2.com/{bucket}/{key}{query}	https://www.backblaze.com/docs/en/cloud-storage-call-the-s3-compatible-api
b2	objects.uploadPartCopy	PUT	https://s3.us-west-004.backblazeb2.com/{bucket}/{key}{query}	https://www.backblaze.com/docs/en/cloud-storage-call-the-s3-compatible-api
b2	objects.completeMultipartUpload	POST	https://s3.us-west-004.backblazeb2.com/{bucket}/{key}{query}	https://www.backblaze.com/docs/en/cloud-storage-call-the-s3-compatible-api
b2	objects.abortMultipartUpload	DELETE	https://s3.us-west-004.backblazeb2.com/{bucket}/{key}{query}	https://www.backblaze.com/docs/en/cloud-storage-call-the-s3-compatible-api
b2	objects.listParts	GET	https://s3.us-west-004.backblazeb2.com/{bucket}/{key}{query}	https://www.backblaze.com/docs/en/cloud-storage-call-the-s3-compatible-api
b2	objects.listMultipartUploads	GET	https://s3.us-west-004.backblazeb2.com/{bucket}?uploads{query}	https://www.backblaze.com/docs/en/cloud-storage-call-the-s3-compatible-api
b2	objects.get	GET	https://s3.us-west-004.backblazeb2.com/{bucket}/{key}{query}	https://www.backblaze.com/docs/en/cloud-storage-call-the-s3-compatible-api
b2	objects.getStream	GET	https://s3.us-west-004.backblazeb2.com/{bucket}/{key}{query}	https://www.backblaze.com/docs/en/cloud-storage-call-the-s3-compatible-api
b2	objects.head	HEAD	https://s3.us-west-004.backblazeb2.com/{bucket}/{key}{query}	https://www.backblaze.com/docs/en/cloud-storage-call-the-s3-compatible-api
b2	objects.del	DELETE	https://s3.us-west-004.backblazeb2.com/{bucket}/{key}{query}	https://www.backblaze.com/docs/en/cloud-storage-call-the-s3-compatible-api
b2	objects.delMany	POST	https://s3.us-west-004.backblazeb2.com/{bucket}?delete	https://www.backblaze.com/docs/en/cloud-storage-call-the-s3-compatible-api
b2	objects.getAcl	GET	https://s3.us-west-004.backblazeb2.com/{bucket}/{key}?acl{query}	https://www.backblaze.com/docs/en/cloud-storage-call-the-s3-compatible-api
b2	objects.putAcl	PUT	https://s3.us-west-004.backblazeb2.com/{bucket}/{key}?acl{query}	https://www.backblaze.com/docs/en/cloud-storage-call-the-s3-compatible-api
b2	objects.getLegalHold	GET	https://s3.us-west-004.backblazeb2.com/{bucket}/{key}?legal-hold{query}	https://www.backblaze.com/docs/en/cloud-storage-call-the-s3-compatible-api
b2	objects.putLegalHold	PUT	https://s3.us-west-004.backblazeb2.com/{bucket}/{key}?legal-hold{query}	https://www.backblaze.com/docs/en/cloud-storage-call-the-s3-compatible-api
b2	objects.getRetention	GET	https://s3.us-west-004.backblazeb2.com/{bucket}/{key}?retention{query}	https://www.backblaze.com/docs/en/cloud-storage-call-the-s3-compatible-api
b2	objects.putRetention	PUT	https://s3.us-west-004.backblazeb2.com/{bucket}/{key}?retention{query}	https://www.backblaze.com/docs/en/cloud-storage-call-the-s3-compatible-api
anthropic	api.oauth.usage	GET	https://api.anthropic.com/api/oauth/usage	https://docs.anthropic.com/en/api
anthropic	v1.files	POST	https://api.anthropic.com/v1/files	https://docs.anthropic.com/en/api
anthropic	v1.files.content	GET	https://api.anthropic.com/v1/files/{fileId}/content	https://docs.anthropic.com/en/api
anthropic	v1.files.del	DELETE	https://api.anthropic.com/v1/files/{fileId}	https://docs.anthropic.com/en/api
anthropic	v1.files.list	GET	https://api.anthropic.com/v1/files	https://docs.anthropic.com/en/api
anthropic	v1.files.retrieve	GET	https://api.anthropic.com/v1/files/{fileId}	https://docs.anthropic.com/en/api
anthropic	v1.messages	POST	https://api.anthropic.com/v1/messages	https://docs.anthropic.com/en/api
anthropic	v1.messages.batches	POST	https://api.anthropic.com/v1/messages/batches	https://docs.anthropic.com/en/api
anthropic	v1.messages.batches.cancel	POST	https://api.anthropic.com/v1/messages/batches/{batchId}/cancel	https://docs.anthropic.com/en/api
anthropic	v1.messages.batches.del	DELETE	https://api.anthropic.com/v1/messages/batches/{batchId}	https://docs.anthropic.com/en/api
anthropic	v1.messages.batches.list	GET	https://api.anthropic.com/v1/messages/batches	https://docs.anthropic.com/en/api
anthropic	v1.messages.batches.results	GET	https://api.anthropic.com/v1/messages/batches/{batchId}/results	https://docs.anthropic.com/en/api
anthropic	v1.messages.batches.retrieve	GET	https://api.anthropic.com/v1/messages/batches/{batchId}	https://docs.anthropic.com/en/api
anthropic	v1.messages.countTokens	POST	https://api.anthropic.com/v1/messages/count_tokens	https://docs.anthropic.com/en/api
anthropic	v1.models.list	GET	https://api.anthropic.com/v1/models	https://docs.anthropic.com/en/api
anthropic	v1.models.retrieve	GET	https://api.anthropic.com/v1/models/{modelId}	https://docs.anthropic.com/en/api
anthropic	v1.skills.create	POST	https://api.anthropic.com/v1/skills	https://docs.anthropic.com/en/api
anthropic	v1.skills.del	DELETE	https://api.anthropic.com/v1/skills/{skillId}	https://docs.anthropic.com/en/api
anthropic	v1.skills.list	GET	https://api.anthropic.com/v1/skills	https://docs.anthropic.com/en/api
anthropic	v1.skills.retrieve	GET	https://api.anthropic.com/v1/skills/{skillId}	https://docs.anthropic.com/en/api
anthropic	v1.skills.versions.create	POST	https://api.anthropic.com/v1/skills/{skillId}/versions	https://docs.anthropic.com/en/api
anthropic	v1.skills.versions.del	DELETE	https://api.anthropic.com/v1/skills/{skillId}/versions/{version}	https://docs.anthropic.com/en/api
anthropic	v1.skills.versions.list	GET	https://api.anthropic.com/v1/skills/{skillId}/versions	https://docs.anthropic.com/en/api
dolthub	v1alpha1.branches.create	POST	https://www.dolthub.com/api/v1alpha1/{owner}/{database}/branches	https://www.dolthub.com/docs/products/dolthub/api/database
dolthub	v1alpha1.branches.list	GET	https://www.dolthub.com/api/v1alpha1/{owner}/{database}/branches	https://www.dolthub.com/docs/products/dolthub/api/database
dolthub	v1alpha1.database.create	POST	https://www.dolthub.com/api/v1alpha1/database	https://www.dolthub.com/docs/products/dolthub/api/database
dolthub	v1alpha1.pulls	GET	https://www.dolthub.com/api/v1alpha1/{owner}/{database}/pulls/{pullId}
dolthub	v1alpha1.pulls.create	POST	https://www.dolthub.com/api/v1alpha1/{owner}/{database}/pulls	https://www.dolthub.com/docs/products/dolthub/api/database
dolthub	v1alpha1.pulls.list	GET	https://www.dolthub.com/api/v1alpha1/{owner}/{database}/pulls{query}	https://www.dolthub.com/docs/products/dolthub/api/database
dolthub	v1alpha1.pulls.merge	POST	https://www.dolthub.com/api/v1alpha1/{owner}/{database}/pulls/{pullId}/merge	https://www.dolthub.com/docs/products/dolthub/api/database
dolthub	v1alpha1.sql.read	GET	https://www.dolthub.com/api/v1alpha1/{owner}/{database}{refPath}{query}	https://www.dolthub.com/docs/products/dolthub/api/sql
dolthub	v1alpha1.sql.write	POST	https://www.dolthub.com/api/v1alpha1/{owner}/{database}/write/{fromBranch}/{toBranch}{query}	https://www.dolthub.com/docs/products/dolthub/api/sql
dolthub	v1alpha1.sql.writePoll	GET	https://www.dolthub.com/api/v1alpha1/{owner}/{database}/write{query}	https://www.dolthub.com/docs/products/dolthub/api/sql
dolthub	v1alpha1.user	GET	https://www.dolthub.com/api/v1alpha1/user
elevenlabs	docs	GET	https://api.elevenlabs.io/docs	https://elevenlabs.io/docs/api-reference/text-to-speech
elevenlabs	v1.models	GET	https://api.elevenlabs.io/v1/models	https://elevenlabs.io/docs/api-reference/models/list
elevenlabs	v1.voices	GET	https://api.elevenlabs.io/v1/voices/{voiceId}	https://elevenlabs.io/docs/api-reference/voices/get
elevenlabs	v1.voices.pvc	POST	https://api.elevenlabs.io/v1/voices/pvc	https://elevenlabs.io/docs/api-reference/voices/pvc/create
elevenlabs	v1.voices.pvc.captcha	POST	https://api.elevenlabs.io/v1/voices/pvc/{voiceId}/captcha	https://elevenlabs.io/docs/api-reference/voices/pvc/verification/captcha/verify
elevenlabs	v1.voices.pvc.captcha.get	GET	https://api.elevenlabs.io/v1/voices/pvc/{voiceId}/captcha	https://elevenlabs.io/docs/api-reference/voices/pvc/verification/captcha
elevenlabs	v1.voices.pvc.samples	POST	https://api.elevenlabs.io/v1/voices/pvc/{voiceId}/samples/{sampleId}	https://elevenlabs.io/docs/api-reference/voices/pvc/samples/update
elevenlabs	v1.voices.pvc.samples.delete	DELETE	https://api.elevenlabs.io/v1/voices/pvc/{voiceId}/samples/{sampleId}	https://elevenlabs.io/docs/api-reference/voices/pvc/samples/delete
elevenlabs	v1.voices.pvc.samples.waveform	GET	https://api.elevenlabs.io/v1/voices/pvc/{voiceId}/samples/{sampleId}/waveform	https://elevenlabs.io/docs/api-reference/voices/pvc/samples/get-waveform
elevenlabs	v1.voices.pvc.train	POST	https://api.elevenlabs.io/v1/voices/pvc/{voiceId}/train	https://elevenlabs.io/docs/api-reference/voices/pvc/train
elevenlabs	v1.voices.pvc.verification	POST	https://api.elevenlabs.io/v1/voices/pvc/{voiceId}/verification	https://elevenlabs.io/docs/api-reference/voices/pvc/verification/request
elevenlabs	v1.voices.settings	GET	https://api.elevenlabs.io/v1/voices/{voiceId}/settings	https://elevenlabs.io/docs/api-reference/voices/get-settings
elevenlabs	v1.voices.pvc.samples.separateSpeakers	POST	https://api.elevenlabs.io/v1/voices/pvc/{voiceId}/samples/{sampleId}/separate-speakers	https://elevenlabs.io/docs/api-reference/voices/pvc/samples/separate-speakers
elevenlabs	v1.voices.pvc.samples.speakers.audio	GET	https://api.elevenlabs.io/v1/voices/pvc/{voiceId}/samples/{sampleId}/speakers/{speakerId}/audio	https://elevenlabs.io/docs/api-reference/voices/pvc/samples/get-separated-speaker-audio
elevenlabs	v1.soundGeneration	POST	https://api.elevenlabs.io/v1/sound-generation	https://elevenlabs.io/docs/api-reference/text-to-sound-effects/convert
elevenlabs	v1.speechToText	POST	https://api.elevenlabs.io/v1/speech-to-text	https://elevenlabs.io/docs/api-reference/speech-to-text/convert
elevenlabs	v1.textToDialogue	POST	https://api.elevenlabs.io/v1/text-to-dialogue	https://elevenlabs.io/docs/api-reference/text-to-dialogue/convert
elevenlabs	v1.textToSpeech	POST	https://api.elevenlabs.io/v1/text-to-speech/{voiceId}	https://elevenlabs.io/docs/api-reference/text-to-speech/convert
elevenlabs	v1.user.subscription	GET	https://api.elevenlabs.io/v1/user/subscription	https://elevenlabs.io/docs/api-reference/user/subscription/get
elevenlabs	v1.workspace.analytics.query.usageByProductOverTime	POST	https://api.elevenlabs.io/v1/workspace/analytics/query/usage-by-product-over-time	https://elevenlabs.io/docs/api-reference/workspace/usage/get-usage-by-product-over-time
elevenlabs	v1.workspace.analytics.requests	POST	https://api.elevenlabs.io/v1/workspace/analytics/requests	https://elevenlabs.io/docs/api-reference/workspace/analytics/requests/get
elevenlabs	v2.voices	GET	https://api.elevenlabs.io/v2/voices	https://elevenlabs.io/docs/api-reference/voices/search
fal	bytedance.seedance2p0.fast.imageToVideo	POST	https://api.fal.ai/v1/bytedance/seedance-2.0/fast/image-to-video	https://docs.fal.ai
fal	bytedance.seedance2p0.fast.referenceToVideo	POST	https://api.fal.ai/v1/bytedance/seedance-2.0/fast/reference-to-video
fal	bytedance.seedance2p0.fast.textToVideo	POST	https://api.fal.ai/v1/bytedance/seedance-2.0/fast/text-to-video	https://docs.fal.ai
fal	bytedance.seedance2p0.imageToVideo	POST	https://api.fal.ai/v1/bytedance/seedance-2.0/image-to-video	https://docs.fal.ai
fal	bytedance.seedance2p0.referenceToVideo	POST	https://api.fal.ai/v1/bytedance/seedance-2.0/reference-to-video
fal	bytedance.seedance2p0.textToVideo	POST	https://api.fal.ai/v1/bytedance/seedance-2.0/text-to-video	https://docs.fal.ai
fal	bytedance.seedream.v5.lite.edit	POST	https://api.fal.ai/v1/fal-ai/bytedance/seedream/v5/lite/edit	https://docs.fal.ai
fal	bytedance.seedream.v5.lite.textToImage	POST	https://api.fal.ai/v1/fal-ai/bytedance/seedream/v5/lite/text-to-image	https://docs.fal.ai
fal	bytedance.seedSpeech.tts.v2	POST	https://api.fal.ai/v1/fal-ai/bytedance/seed-speech/tts/v2	https://fal.ai/models/fal-ai/bytedance/seed-speech/tts/v2/api
fal	falAi.elevenlabs.speechToText.scribeV2	POST	https://api.fal.ai/v1/fal-ai/elevenlabs/speech-to-text/scribe-v2	https://docs.fal.ai
fal	gptImage1p5	POST	https://api.fal.ai/v1/fal-ai/gpt-image-1.5	https://docs.fal.ai
fal	gptImage1p5.edit	POST	https://api.fal.ai/v1/fal-ai/gpt-image-1.5/edit	https://docs.fal.ai
fal	hunyuan.v3.instructEdit	POST	https://api.fal.ai/v1/fal-ai/hunyuan-image/v3/instruct/edit	https://docs.fal.ai
fal	klingVideo.o3p4k.imageToVideo	POST	https://api.fal.ai/v1/fal-ai/kling-video/o3/4k/image-to-video	https://docs.fal.ai
fal	klingVideo.o3p4k.referenceToVideo	POST	https://api.fal.ai/v1/fal-ai/kling-video/o3/4k/reference-to-video	https://docs.fal.ai
fal	klingVideo.o3p4k.textToVideo	POST	https://api.fal.ai/v1/fal-ai/kling-video/o3/4k/text-to-video	https://docs.fal.ai
fal	klingVideo.v3.pro.imageToVideo	POST	https://api.fal.ai/v1/fal-ai/kling-video/v3/pro/image-to-video	https://docs.fal.ai
fal	klingVideo.v3.pro.textToVideo	POST	https://api.fal.ai/v1/fal-ai/kling-video/v3/pro/text-to-video	https://docs.fal.ai
fal	klingVideo.v3.standard.imageToVideo	POST	https://api.fal.ai/v1/fal-ai/kling-video/v3/standard/image-to-video	https://docs.fal.ai
fal	klingVideo.v3.standard.textToVideo	POST	https://api.fal.ai/v1/fal-ai/kling-video/v3/standard/text-to-video	https://docs.fal.ai
fal	nanoBanana.edit	POST	https://api.fal.ai/v1/fal-ai/nano-banana/edit	https://docs.fal.ai
fal	nanoBanana.textToImage	POST	https://api.fal.ai/v1/fal-ai/nano-banana	https://docs.fal.ai
fal	nanoBanana2.edit	POST	https://api.fal.ai/v1/fal-ai/nano-banana-2/edit	https://docs.fal.ai
fal	nanoBanana2.textToImage	POST	https://api.fal.ai/v1/fal-ai/nano-banana-2	https://docs.fal.ai
fal	nanoBananaPro.edit	POST	https://api.fal.ai/v1/fal-ai/nano-banana-pro/edit	https://docs.fal.ai
fal	nanoBananaPro.textToImage	POST	https://api.fal.ai/v1/fal-ai/nano-banana-pro	https://docs.fal.ai
fal	qwenImage	POST	https://api.fal.ai/v1/fal-ai/qwen-image	https://docs.fal.ai
fal	qwenImage.edit	POST	https://api.fal.ai/v1/fal-ai/qwen-image-edit	https://docs.fal.ai
fal	sora2.imageToVideo	POST	https://api.fal.ai/v1/fal-ai/sora-2/image-to-video	https://docs.fal.ai
fal	sora2.textToVideo	POST	https://api.fal.ai/v1/fal-ai/sora-2/text-to-video	https://docs.fal.ai
fal	storage.upload.completeMultipart	POST	https://rest.fal.ai/storage/upload/complete-multipart	https://docs.fal.ai
fal	storage.upload.initiate	POST	https://rest.fal.ai/storage/upload/initiate	https://docs.fal.ai
fal	storage.upload.initiateMultipart	POST	https://rest.fal.ai/storage/upload/initiate-multipart	https://docs.fal.ai
fal	v1.models	GET	https://api.fal.ai/v1/models	https://docs.fal.ai
fal	v1.models.analytics	GET	https://api.fal.ai/v1/models/analytics	https://docs.fal.ai
fal	v1.models.pricing	GET	https://api.fal.ai/v1/models/pricing	https://docs.fal.ai
fal	v1.models.pricing.estimate	POST	https://api.fal.ai/v1/models/pricing/estimate	https://docs.fal.ai
fal	v1.models.requests.byEndpoint	GET	https://api.fal.ai/v1/models/requests/by-endpoint	https://docs.fal.ai
fal	v1.models.requests.payloads	DELETE	https://api.fal.ai/v1/models/requests/{param}/payloads	https://docs.fal.ai
fal	v1.models.requests.payloads	GET	https://api.fal.ai/v1/models/requests/{param}/payloads	https://docs.fal.ai
fal	v1.models.usage	GET	https://api.fal.ai/v1/models/usage	https://docs.fal.ai
fal	v1.queue.submit	POST	https://api.fal.ai/v1/POST	https://docs.fal.ai
fal	v1.serverless.files.uploadLocal	POST	https://api.fal.ai/v1/serverless/files/file/local/{param}	https://docs.fal.ai
fal	v1.serverless.files.uploadUrl	POST	https://api.fal.ai/v1/serverless/files/file/url/{param}	https://docs.fal.ai
fal	v1.serverless.logs	POST	https://api.fal.ai/v1/serverless/logs/stream	https://docs.fal.ai
fal	v1.workflows	GET	https://api.fal.ai/v1/workflows	https://docs.fal.ai
fal	veo3p1.imageToVideo	POST	https://api.fal.ai/v1/fal-ai/veo3.1/image-to-video	https://docs.fal.ai
fal	veo3p1.textToVideo	POST	https://api.fal.ai/v1/fal-ai/veo3.1	https://docs.fal.ai
fal	wan.v2p7.edit	POST	https://api.fal.ai/v1/fal-ai/wan/v2.7/edit	https://docs.fal.ai
fal	wan.v2p7.editVideo	POST	https://api.fal.ai/v1/fal-ai/wan/v2.7/edit-video
fal	wan.v2p7.imageToVideo	POST	https://api.fal.ai/v1/fal-ai/wan/v2.7/image-to-video	https://docs.fal.ai
fal	wan.v2p7.pro.edit	POST	https://api.fal.ai/v1/fal-ai/wan/v2.7/pro/edit	https://docs.fal.ai
fal	wan.v2p7.pro.textToImage	POST	https://api.fal.ai/v1/fal-ai/wan/v2.7/pro/text-to-image	https://docs.fal.ai
fal	wan.v2p7.referenceToVideo	POST	https://api.fal.ai/v1/fal-ai/wan/v2.7/reference-to-video
fal	wan.v2p7.textToImage	POST	https://api.fal.ai/v1/fal-ai/wan/v2.7/text-to-image	https://docs.fal.ai
fal	wan.v2p7.textToVideo	POST	https://api.fal.ai/v1/fal-ai/wan/v2.7/text-to-video	https://docs.fal.ai
fal	xai.grokImagineImage	POST	https://api.fal.ai/v1/xai/grok-imagine-image	https://docs.fal.ai
fal	xai.grokImagineImage.edit	POST	https://api.fal.ai/v1/xai/grok-imagine-image/edit	https://docs.fal.ai
fal	xai.grokImagineVideo.editVideo	POST	https://api.fal.ai/v1/xai/grok-imagine-video/edit-video	https://docs.fal.ai
fal	xai.grokImagineVideo.extendVideo	POST	https://api.fal.ai/v1/xai/grok-imagine-video/extend-video	https://docs.fal.ai
fal	xai.grokImagineVideo.imageToVideo	POST	https://api.fal.ai/v1/xai/grok-imagine-video/image-to-video	https://docs.fal.ai
fal	xai.grokImagineVideo.referenceToVideo	POST	https://api.fal.ai/v1/xai/grok-imagine-video/reference-to-video	https://docs.fal.ai
fireworks	inference.v1.accounts	GET	https://api.fireworks.ai/v1/accounts/{accountId}	https://docs.fireworks.ai/api-reference
fireworks	inference.v1.accounts.apiKeys	DELETE	https://api.fireworks.ai/v1/accounts/{accountId}/users/{userId}/apiKeys:delete	https://docs.fireworks.ai/api-reference
fireworks	inference.v1.accounts.apiKeys.create	POST	https://api.fireworks.ai/v1/accounts/{accountId}/users/{userId}/apiKeys	https://docs.fireworks.ai/api-reference
fireworks	inference.v1.accounts.apiKeys.list	GET	https://api.fireworks.ai/v1/accounts/{accountId}/users/{userId}/apiKeys	https://docs.fireworks.ai/api-reference
fireworks	inference.v1.accounts.batchInferenceJobs	DELETE	https://api.fireworks.ai/v1/accounts/{accountId}/batchInferenceJobs/{jobId}	https://docs.fireworks.ai/api-reference
fireworks	inference.v1.accounts.batchInferenceJobs	GET	https://api.fireworks.ai/v1/accounts/{accountId}/batchInferenceJobs/{jobId}	https://docs.fireworks.ai/api-reference
fireworks	inference.v1.accounts.batchInferenceJobs.create	POST	https://api.fireworks.ai/v1/accounts/{accountId}/batchInferenceJobs	https://docs.fireworks.ai/api-reference
fireworks	inference.v1.accounts.batchInferenceJobs.list	GET	https://api.fireworks.ai/v1/accounts/{accountId}/batchInferenceJobs	https://docs.fireworks.ai/api-reference
fireworks	inference.v1.accounts.datasets	DELETE	https://api.fireworks.ai/v1/accounts/{accountId}/datasets/{datasetId}	https://docs.fireworks.ai/api-reference
fireworks	inference.v1.accounts.datasets	GET	https://api.fireworks.ai/v1/accounts/{accountId}/datasets/{datasetId}	https://docs.fireworks.ai/api-reference
fireworks	inference.v1.accounts.datasets.create	POST	https://api.fireworks.ai/v1/accounts/{accountId}/datasets	https://docs.fireworks.ai/api-reference
fireworks	inference.v1.accounts.datasets.getDownloadEndpoint	GET	https://api.fireworks.ai/v1/accounts/{accountId}/datasets/{datasetId}:getDownloadEndpoint	https://docs.fireworks.ai/api-reference
fireworks	inference.v1.accounts.datasets.getUploadEndpoint	POST	https://api.fireworks.ai/v1/accounts/{accountId}/datasets/{datasetId}:getUploadEndpoint	https://docs.fireworks.ai/api-reference
fireworks	inference.v1.accounts.datasets.list	GET	https://api.fireworks.ai/v1/accounts/{accountId}/datasets	https://docs.fireworks.ai/api-reference
fireworks	inference.v1.accounts.datasets.update	PATCH	https://api.fireworks.ai/v1/accounts/{accountId}/datasets/{datasetId}	https://docs.fireworks.ai/api-reference
fireworks	inference.v1.accounts.datasets.validateUpload	POST	https://api.fireworks.ai/v1/accounts/{accountId}/datasets/{datasetId}:validateUpload	https://docs.fireworks.ai/api-reference
fireworks	inference.v1.accounts.deployedModels	DELETE	https://api.fireworks.ai/v1/accounts/{accountId}/deployedModels/{deployedModelId}	https://docs.fireworks.ai/api-reference
fireworks	inference.v1.accounts.deployedModels	GET	https://api.fireworks.ai/v1/accounts/{accountId}/deployedModels/{deployedModelId}	https://docs.fireworks.ai/api-reference
fireworks	inference.v1.accounts.deployedModels.create	POST	https://api.fireworks.ai/v1/accounts/{accountId}/deployedModels	https://docs.fireworks.ai/api-reference
fireworks	inference.v1.accounts.deployedModels.list	GET	https://api.fireworks.ai/v1/accounts/{accountId}/deployedModels	https://docs.fireworks.ai/api-reference
fireworks	inference.v1.accounts.deployedModels.update	PATCH	https://api.fireworks.ai/v1/accounts/{accountId}/deployedModels/{deployedModelId}	https://docs.fireworks.ai/api-reference
fireworks	inference.v1.accounts.deploymentShapes	GET	https://api.fireworks.ai/v1/accounts/{accountId}/deploymentShapes/{shapeId}	https://docs.fireworks.ai/api-reference
fireworks	inference.v1.accounts.deploymentShapes.versions	GET	https://api.fireworks.ai/v1/accounts/{accountId}/deploymentShapes/{shapeId}/versions/{versionId}	https://docs.fireworks.ai/api-reference
fireworks	inference.v1.accounts.deploymentShapes.versions.list	GET	https://api.fireworks.ai/v1/accounts/{accountId}/deploymentShapes/{shapeId}/versions	https://docs.fireworks.ai/api-reference
fireworks	inference.v1.accounts.deployments	DELETE	https://api.fireworks.ai/v1/accounts/{accountId}/deployments/{deploymentId}	https://docs.fireworks.ai/api-reference
fireworks	inference.v1.accounts.deployments	GET	https://api.fireworks.ai/v1/accounts/{accountId}/deployments/{deploymentId}	https://docs.fireworks.ai/api-reference
fireworks	inference.v1.accounts.deployments.create	POST	https://api.fireworks.ai/v1/accounts/{accountId}/deployments	https://docs.fireworks.ai/api-reference
fireworks	inference.v1.accounts.deployments.list	GET	https://api.fireworks.ai/v1/accounts/{accountId}/deployments	https://docs.fireworks.ai/api-reference
fireworks	inference.v1.accounts.deployments.scale	PATCH	https://api.fireworks.ai/v1/accounts/{accountId}/deployments/{deploymentId}:scale	https://docs.fireworks.ai/api-reference
fireworks	inference.v1.accounts.deployments.undelete	POST	https://api.fireworks.ai/v1/accounts/{accountId}/deployments/{deploymentId}:undelete	https://docs.fireworks.ai/api-reference
fireworks	inference.v1.accounts.deployments.update	PATCH	https://api.fireworks.ai/v1/accounts/{accountId}/deployments/{deploymentId}	https://docs.fireworks.ai/api-reference
fireworks	inference.v1.accounts.dpoJobs	DELETE	https://api.fireworks.ai/v1/accounts/{accountId}/dpoJobs/{jobId}	https://docs.fireworks.ai/api-reference
fireworks	inference.v1.accounts.dpoJobs	GET	https://api.fireworks.ai/v1/accounts/{accountId}/dpoJobs/{jobId}	https://docs.fireworks.ai/api-reference
fireworks	inference.v1.accounts.dpoJobs.create	POST	https://api.fireworks.ai/v1/accounts/{accountId}/dpoJobs	https://docs.fireworks.ai/api-reference
fireworks	inference.v1.accounts.dpoJobs.getMetricsFileEndpoint	GET	https://api.fireworks.ai/v1/accounts/{accountId}/dpoJobs/{jobId}:getMetricsFileEndpoint	https://docs.fireworks.ai/api-reference
fireworks	inference.v1.accounts.dpoJobs.list	GET	https://api.fireworks.ai/v1/accounts/{accountId}/dpoJobs	https://docs.fireworks.ai/api-reference
fireworks	inference.v1.accounts.dpoJobs.resume	POST	https://api.fireworks.ai/v1/accounts/{accountId}/dpoJobs/{jobId}:resume	https://docs.fireworks.ai/api-reference
fireworks	inference.v1.accounts.evaluationJobs	DELETE	https://api.fireworks.ai/v1/accounts/{accountId}/evaluationJobs/{evaluationJobId}	https://docs.fireworks.ai/api-reference
fireworks	inference.v1.accounts.evaluationJobs	GET	https://api.fireworks.ai/v1/accounts/{accountId}/evaluationJobs/{evaluationJobId}	https://docs.fireworks.ai/api-reference
fireworks	inference.v1.accounts.evaluationJobs.create	POST	https://api.fireworks.ai/v1/accounts/{accountId}/evaluationJobs	https://docs.fireworks.ai/api-reference
fireworks	inference.v1.accounts.evaluationJobs.getExecutionLogEndpoint	GET	https://api.fireworks.ai/v1/accounts/{accountId}/evaluationJobs/{evaluationJobId}:getExecutionLogEndpoint	https://docs.fireworks.ai/api-reference
fireworks	inference.v1.accounts.evaluationJobs.list	GET	https://api.fireworks.ai/v1/accounts/{accountId}/evaluationJobs	https://docs.fireworks.ai/api-reference
fireworks	inference.v1.accounts.evaluators	DELETE	https://api.fireworks.ai/v1/accounts/{accountId}/evaluators/{evaluatorId}	https://docs.fireworks.ai/api-reference
fireworks	inference.v1.accounts.evaluators	GET	https://api.fireworks.ai/v1/accounts/{accountId}/evaluators/{evaluatorId}	https://docs.fireworks.ai/api-reference
fireworks	inference.v1.accounts.evaluators.create	POST	https://api.fireworks.ai/v1/accounts/{accountId}/evaluatorsV2	https://docs.fireworks.ai/api-reference
fireworks	inference.v1.accounts.evaluators.getBuildLogEndpoint	GET	https://api.fireworks.ai/v1/accounts/{accountId}/evaluators/{evaluatorId}:getBuildLogEndpoint	https://docs.fireworks.ai/api-reference
fireworks	inference.v1.accounts.evaluators.getSourceCodeSignedUrl	GET	https://api.fireworks.ai/v1/accounts/{accountId}/evaluators/{evaluatorId}:getSourceCodeSignedUrl	https://docs.fireworks.ai/api-reference
fireworks	inference.v1.accounts.evaluators.getUploadEndpoint	POST	https://api.fireworks.ai/v1/accounts/{accountId}/evaluators/{evaluatorId}:getUploadEndpoint	https://docs.fireworks.ai/api-reference
fireworks	inference.v1.accounts.evaluators.list	GET	https://api.fireworks.ai/v1/accounts/{accountId}/evaluators	https://docs.fireworks.ai/api-reference
fireworks	inference.v1.accounts.evaluators.update	PATCH	https://api.fireworks.ai/v1/accounts/{accountId}/evaluators/{evaluatorId}	https://docs.fireworks.ai/api-reference
fireworks	inference.v1.accounts.evaluators.validateUpload	POST	https://api.fireworks.ai/v1/accounts/{accountId}/evaluators/{evaluatorId}:validateUpload	https://docs.fireworks.ai/api-reference
fireworks	inference.v1.accounts.list	GET	https://api.fireworks.ai/v1/accounts	https://docs.fireworks.ai/api-reference
fireworks	inference.v1.accounts.models	DELETE	https://api.fireworks.ai/v1/accounts/{accountId}/models/{modelId}	https://docs.fireworks.ai/api-reference
fireworks	inference.v1.accounts.models	GET	https://api.fireworks.ai/v1/accounts/{accountId}/models/{modelId}	https://docs.fireworks.ai/api-reference
fireworks	inference.v1.accounts.models.create	POST	https://api.fireworks.ai/v1/accounts/{accountId}/models	https://docs.fireworks.ai/api-reference
fireworks	inference.v1.accounts.models.getDownloadEndpoint	GET	https://api.fireworks.ai/v1/accounts/{accountId}/models/{modelId}:getDownloadEndpoint	https://docs.fireworks.ai/api-reference
fireworks	inference.v1.accounts.models.getUploadEndpoint	POST	https://api.fireworks.ai/v1/accounts/{accountId}/models/{modelId}:getUploadEndpoint	https://docs.fireworks.ai/api-reference
fireworks	inference.v1.accounts.models.list	GET	https://api.fireworks.ai/v1/accounts/{accountId}/models	https://docs.fireworks.ai/api-reference
fireworks	inference.v1.accounts.models.prepare	POST	https://api.fireworks.ai/v1/accounts/{accountId}/models/{modelId}:prepare	https://docs.fireworks.ai/api-reference
fireworks	inference.v1.accounts.models.update	PATCH	https://api.fireworks.ai/v1/accounts/{accountId}/models/{modelId}	https://docs.fireworks.ai/api-reference
fireworks	inference.v1.accounts.models.validateUpload	GET	https://api.fireworks.ai/v1/accounts/{accountId}/models/{modelId}:validateUpload	https://docs.fireworks.ai/api-reference
fireworks	inference.v1.accounts.reinforcementFineTuningJobs	DELETE	https://api.fireworks.ai/v1/accounts/{accountId}/reinforcementFineTuningJobs/{jobId}	https://docs.fireworks.ai/api-reference
fireworks	inference.v1.accounts.reinforcementFineTuningJobs	GET	https://api.fireworks.ai/v1/accounts/{accountId}/reinforcementFineTuningJobs/{jobId}	https://docs.fireworks.ai/api-reference
fireworks	inference.v1.accounts.reinforcementFineTuningJobs.create	POST	https://api.fireworks.ai/v1/accounts/{accountId}/reinforcementFineTuningJobs	https://docs.fireworks.ai/api-reference
fireworks	inference.v1.accounts.reinforcementFineTuningJobs.list	GET	https://api.fireworks.ai/v1/accounts/{accountId}/reinforcementFineTuningJobs	https://docs.fireworks.ai/api-reference
fireworks	inference.v1.accounts.reinforcementFineTuningJobs.resume	POST	https://api.fireworks.ai/v1/accounts/{accountId}/reinforcementFineTuningJobs/{jobId}:resume	https://docs.fireworks.ai/api-reference
fireworks	inference.v1.accounts.rlorTrainerJobs	DELETE	https://api.fireworks.ai/v1/accounts/{accountId}/rlorTrainerJobs/{jobId}	https://docs.fireworks.ai/api-reference
fireworks	inference.v1.accounts.rlorTrainerJobs	GET	https://api.fireworks.ai/v1/accounts/{accountId}/rlorTrainerJobs/{jobId}	https://docs.fireworks.ai/api-reference
fireworks	inference.v1.accounts.rlorTrainerJobs.create	POST	https://api.fireworks.ai/v1/accounts/{accountId}/rlorTrainerJobs	https://docs.fireworks.ai/api-reference
fireworks	inference.v1.accounts.rlorTrainerJobs.executeTrainStep	POST	https://api.fireworks.ai/v1/accounts/{accountId}/rlorTrainerJobs/{jobId}:executeTrainStep	https://docs.fireworks.ai/api-reference
fireworks	inference.v1.accounts.rlorTrainerJobs.list	GET	https://api.fireworks.ai/v1/accounts/{accountId}/rlorTrainerJobs	https://docs.fireworks.ai/api-reference
fireworks	inference.v1.accounts.rlorTrainerJobs.resume	POST	https://api.fireworks.ai/v1/accounts/{accountId}/rlorTrainerJobs/{jobId}:resume	https://docs.fireworks.ai/api-reference
fireworks	inference.v1.accounts.secrets	DELETE	https://api.fireworks.ai/v1/accounts/{accountId}/secrets/{secretId}	https://docs.fireworks.ai/api-reference
fireworks	inference.v1.accounts.secrets	GET	https://api.fireworks.ai/v1/accounts/{accountId}/secrets/{secretId}	https://docs.fireworks.ai/api-reference
fireworks	inference.v1.accounts.secrets.create	POST	https://api.fireworks.ai/v1/accounts/{accountId}/secrets	https://docs.fireworks.ai/api-reference
fireworks	inference.v1.accounts.secrets.list	GET	https://api.fireworks.ai/v1/accounts/{accountId}/secrets	https://docs.fireworks.ai/api-reference
fireworks	inference.v1.accounts.secrets.update	PATCH	https://api.fireworks.ai/v1/accounts/{accountId}/secrets/{secretId}	https://docs.fireworks.ai/api-reference
fireworks	inference.v1.accounts.supervisedFineTuningJobs	DELETE	https://api.fireworks.ai/v1/accounts/{param}/supervisedFineTuningJobs/{param}	https://docs.fireworks.ai/api-reference
fireworks	inference.v1.accounts.supervisedFineTuningJobs	GET	https://api.fireworks.ai/v1/accounts/{param}/supervisedFineTuningJobs/{param}	https://docs.fireworks.ai/api-reference
fireworks	inference.v1.accounts.supervisedFineTuningJobs.create	POST	https://api.fireworks.ai/v1/accounts/{accountId}/supervisedFineTuningJobs	https://docs.fireworks.ai/api-reference
fireworks	inference.v1.accounts.supervisedFineTuningJobs.list	GET	https://api.fireworks.ai/v1/accounts/{accountId}/supervisedFineTuningJobs	https://docs.fireworks.ai/api-reference
fireworks	inference.v1.accounts.supervisedFineTuningJobs.resume	POST	https://api.fireworks.ai/v1/accounts/{param}/supervisedFineTuningJobs/{param}:resume	https://docs.fireworks.ai/api-reference
fireworks	inference.v1.accounts.users	GET	https://api.fireworks.ai/v1/accounts/{accountId}/users/{userId}	https://docs.fireworks.ai/api-reference
fireworks	inference.v1.accounts.users.create	POST	https://api.fireworks.ai/v1/accounts/{accountId}/users	https://docs.fireworks.ai/api-reference
fireworks	inference.v1.accounts.users.list	GET	https://api.fireworks.ai/v1/accounts/{accountId}/users	https://docs.fireworks.ai/api-reference
fireworks	inference.v1.accounts.users.update	PATCH	https://api.fireworks.ai/v1/accounts/{accountId}/users/{userId}	https://docs.fireworks.ai/api-reference
fireworks	inference.v1.accounts.users.update	POST	https://api.fireworks.ai/v1/accounts/{accountId}/users/{userId}	https://docs.fireworks.ai/api-reference
fireworks	inference.v1.audio.batch	GET	https://api.fireworks.ai/v1/accounts/{accountId}/batch_job/{batchId}	https://docs.fireworks.ai/api-reference
fireworks	inference.v1.audio.batch.transcriptions	POST	https://api.fireworks.ai/inference/v1/audio/transcriptions	https://docs.fireworks.ai/api-reference
fireworks	inference.v1.audio.batch.translations	POST	https://api.fireworks.ai/inference/v1/audio/translations	https://docs.fireworks.ai/api-reference
fireworks	inference.v1.audio.transcriptions	POST	https://api.fireworks.ai/inference/v1/audio/transcriptions	https://docs.fireworks.ai/api-reference
fireworks	inference.v1.audio.translations	POST	https://api.fireworks.ai/inference/v1/audio/translations	https://docs.fireworks.ai/api-reference
fireworks	inference.v1.chat.completions	POST	https://api.fireworks.ai/inference/v1/chat/completions	https://docs.fireworks.ai/api-reference
fireworks	inference.v1.completions	POST	https://api.fireworks.ai/inference/v1/completions	https://docs.fireworks.ai/api-reference
fireworks	inference.v1.embeddings	POST	https://api.fireworks.ai/inference/v1/embeddings	https://docs.fireworks.ai/api-reference
fireworks	inference.v1.messages	POST	https://api.fireworks.ai/inference/v1/messages	https://docs.fireworks.ai/api-reference
fireworks	inference.v1.rerank	POST	https://api.fireworks.ai/inference/v1/rerank	https://docs.fireworks.ai/api-reference
fireworks	inference.v1.workflows.getResult	POST	https://api.fireworks.ai/inference/v1/workflows/accounts/fireworks/models/{model}/get_result	https://docs.fireworks.ai/api-reference
fireworks	inference.v1.workflows.kontext	POST	https://api.fireworks.ai/inference/v1/workflows/accounts/fireworks/models/{model}	https://docs.fireworks.ai/api-reference
fireworks	inference.v1.workflows.textToImage	POST	https://api.fireworks.ai/inference/v1/workflows/accounts/fireworks/models/{model}/text_to_image	https://docs.fireworks.ai/api-reference
google	v1.publishers.google.models.countTokens	POST	https://aiplatform.googleapis.com/v1/publishers/google/models/{model}:countTokens	https://docs.cloud.google.com/gemini-enterprise-agent-platform/reference/express-mode/rest/v1/publishers.models/countTokens
google	v1.publishers.google.models.generateContent	POST	https://aiplatform.googleapis.com/v1/publishers/google/models/{model}:generateContent	https://docs.cloud.google.com/vertex-ai/generative-ai/docs/reference/express-mode/rest/v1/publishers.models/generateContent
google	v1.googleFlow.accounts	DELETE	https://api.useapi.net/v1/google-flow/accounts/{email}	https://useapi.net/docs/api-google-flow-v1/delete-google-flow-accounts-email
google	v1.googleFlow.accounts	GET	https://api.useapi.net/v1/google-flow/accounts	https://useapi.net/docs/api-google-flow-v1/get-google-flow-accounts
google	v1.googleFlow.accounts	POST	https://api.useapi.net/v1/google-flow/accounts	https://useapi.net/docs/api-google-flow-v1/post-google-flow-accounts
google	v1.googleFlow.accounts.captchaProviders	GET	https://api.useapi.net/v1/google-flow/accounts/captcha-providers	https://useapi.net/docs/api-google-flow-v1/get-google-flow-accounts-captcha-providers
google	v1.googleFlow.accounts.captchaProviders	POST	https://api.useapi.net/v1/google-flow/accounts/captcha-providers	https://useapi.net/docs/api-google-flow-v1/post-google-flow-accounts-captcha-providers
google	v1.googleFlow.accounts.captchaStats	GET	https://api.useapi.net/v1/google-flow/accounts/captcha-stats{query}	https://useapi.net/docs/api-google-flow-v1/get-google-flow-accounts-captcha-stats
google	v1.googleFlow.accounts.retrieve	GET	https://api.useapi.net/v1/google-flow/accounts/{email}	https://useapi.net/docs/api-google-flow-v1/get-google-flow-accounts-email
google	v1.googleFlow.assets	POST	https://api.useapi.net/v1/google-flow/assets	https://useapi.net/docs/api-google-flow-v1/post-google-flow-assets-email
google	v1.googleFlow.assets.retrieve	GET	https://api.useapi.net/v1/google-flow/assets/{mediaGenerationId}	https://useapi.net/docs/api-google-flow-v1/get-google-flow-assets-mediagenerationid
google	v1.googleFlow.characters	DELETE	https://api.useapi.net/v1/google-flow/characters/{ref}	https://useapi.net/docs/api-google-flow-v1/delete-google-flow-characters-ref
google	v1.googleFlow.characters	GET	https://api.useapi.net/v1/google-flow/characters{query}	https://useapi.net/docs/api-google-flow-v1/get-google-flow-characters
google	v1.googleFlow.characters	POST	https://api.useapi.net/v1/google-flow/characters	https://useapi.net/docs/api-google-flow-v1/post-google-flow-characters
google	v1.googleFlow.characters.retrieve	GET	https://api.useapi.net/v1/google-flow/characters/{ref}	https://useapi.net/docs/api-google-flow-v1/get-google-flow-characters-ref
google	v1.googleFlow.images	POST	https://api.useapi.net/v1/google-flow/images	https://useapi.net/docs/api-google-flow-v1/post-google-flow-images
google	v1.googleFlow.images.upscale	POST	https://api.useapi.net/v1/google-flow/images/upscale	https://useapi.net/docs/api-google-flow-v1/post-google-flow-images-upscale
google	v1.googleFlow.jobs	GET	https://api.useapi.net/v1/google-flow/jobs{query}	https://useapi.net/docs/api-google-flow-v1/get-google-flow-jobs
google	v1.googleFlow.jobs.retrieve	GET	https://api.useapi.net/v1/google-flow/jobs/{jobId}	https://useapi.net/docs/api-google-flow-v1/get-google-flow-jobs-jobid
google	v1.googleFlow.videos	POST	https://api.useapi.net/v1/google-flow/videos	https://useapi.net/docs/api-google-flow-v1/post-google-flow-videos
google	v1.googleFlow.videos.concatenate	POST	https://api.useapi.net/v1/google-flow/videos/concatenate	https://useapi.net/docs/api-google-flow-v1/post-google-flow-videos-concatenate
google	v1.googleFlow.videos.extend	POST	https://api.useapi.net/v1/google-flow/videos/extend	https://useapi.net/docs/api-google-flow-v1/post-google-flow-videos-extend
google	v1.googleFlow.videos.gif	POST	https://api.useapi.net/v1/google-flow/videos/gif	https://useapi.net/docs/api-google-flow-v1/post-google-flow-videos-gif
google	v1.googleFlow.videos.upscale	POST	https://api.useapi.net/v1/google-flow/videos/upscale	https://useapi.net/docs/api-google-flow-v1/post-google-flow-videos-upscale
google	v1.googleFlow.voices	DELETE	https://api.useapi.net/v1/google-flow/voices/{ref}	https://useapi.net/docs/api-google-flow-v1/delete-google-flow-voices-ref
google	v1.googleFlow.voices	GET	https://api.useapi.net/v1/google-flow/voices{query}	https://useapi.net/docs/api-google-flow-v1/get-google-flow-voices
google	v1.googleFlow.voices	POST	https://api.useapi.net/v1/google-flow/voices	https://useapi.net/docs/api-google-flow-v1/post-google-flow-voices
google	v1.googleFlow.voices.retrieve	GET	https://api.useapi.net/v1/google-flow/voices/{ref}	https://useapi.net/docs/api-google-flow-v1/get-google-flow-voices-ref
google	v1internal.retrieveUserQuota	POST	https://cloudcode-pa.googleapis.com/v1internal:retrieveUserQuota	https://cloud.google.com/gemini/docs/quotas
free-media-upload	catbox.upload	POST	https://catbox.moe/user/api.php	https://catbox.moe/tools.php
free-media-upload	filebin.upload	POST	https://filebin.net/{bin}/{filename}	https://filebin.net/
free-media-upload	gofile.upload	POST	https://upload.gofile.io/uploadfile	https://gofile.io/api
free-media-upload	litterbox.upload	POST	https://litterbox.catbox.moe/resources/internals/api.php	https://litterbox.catbox.moe/
free-media-upload	tempsh.upload	POST	https://temp.sh/upload	https://temp.sh/
free-media-upload	tflink.upload	POST	https://tmpfile.link/api/upload	https://tmpfile.link/
free-media-upload	tmpfiles.api.v1.upload	POST	https://tmpfiles.org/api/v1/upload	https://tmpfiles.org/
free-media-upload	uguu.upload	POST	https://uguu.se/upload	https://uguu.se/
kie	api.fileBase64Upload	POST	https://kieai.redpandaai.co/api/file-base64-upload	https://docs.kie.ai/file-upload-api/upload-file-base-64
kie	api.fileStreamUpload	POST	https://kieai.redpandaai.co/api/file-stream-upload	https://docs.kie.ai/file-upload-api/upload-file-stream
kie	api.fileUrlUpload	POST	https://kieai.redpandaai.co/api/file-url-upload	https://docs.kie.ai/file-upload-api/upload-file-url
kie	api.v1.chat.credit	GET	https://api.kie.ai/api/v1/chat/credit	https://docs.kie.ai/common-api/get-account-credits
kie	api.v1.common.downloadUrl	POST	https://api.kie.ai/api/v1/common/download-url	https://docs.kie.ai/common-api/download-url
kie	api.v1.flux.kontext.generate	POST	https://api.kie.ai/api/v1/flux/kontext/generate	https://docs.kie.ai/flux-kontext-api/generate-or-edit-image
kie	api.v1.generate	POST	https://api.kie.ai/api/v1/generate	https://docs.kie.ai/suno-api/generate-music
kie	api.v1.generate.addInstrumental	POST	https://api.kie.ai/api/v1/generate/add-instrumental	https://docs.kie.ai/suno-api/add-instrumental
kie	api.v1.generate.addVocals	POST	https://api.kie.ai/api/v1/generate/add-vocals	https://docs.kie.ai/suno-api/add-vocals
kie	api.v1.generate.extend	POST	https://api.kie.ai/api/v1/generate/extend
kie	api.v1.generate.mashup	POST	https://api.kie.ai/api/v1/generate/mashup	https://docs.kie.ai/suno-api/generate-mashup
kie	api.v1.generate.recordInfo	GET	https://api.kie.ai/api/v1/generate/record-info?taskId={taskId}
kie	api.v1.generate.replaceSection	POST	https://api.kie.ai/api/v1/generate/replace-section	https://docs.kie.ai/suno-api/replace-section
kie	api.v1.generate.sounds	POST	https://api.kie.ai/api/v1/generate/sounds	https://docs.kie.ai/suno-api/generate-sounds
kie	api.v1.generate.uploadCover	POST	https://api.kie.ai/api/v1/generate/upload-cover
kie	api.v1.generate.uploadExtend	POST	https://api.kie.ai/api/v1/generate/upload-extend
kie	api.v1.gpt4oImage.recordInfo	GET	https://api.kie.ai/api/v1/gpt4o-image/record-info?taskId={taskId}	https://docs.kie.ai/4o-image-api/get-4-o-image-details
kie	api.v1.jobs.createTask	POST	https://api.kie.ai/api/v1/jobs/createTask	https://docs.kie.ai/market/quickstart
kie	api.v1.jobs.recordInfo	GET	https://api.kie.ai/api/v1/jobs/recordInfo?taskId={taskId}	https://docs.kie.ai/market/common/get-task-detail
kie	api.v1.lyrics	POST	https://api.kie.ai/api/v1/lyrics
kie	api.v1.midi.generate	POST	https://api.kie.ai/api/v1/midi/generate
kie	api.v1.mp4.generate	POST	https://api.kie.ai/api/v1/mp4/generate
kie	api.v1.omni.audio.create	POST	https://api.kie.ai/api/v1/omni/audio/create	https://docs.kie.ai/market/gemini-omni-audio
kie	api.v1.omni.character.create	POST	https://api.kie.ai/api/v1/omni/character/create	https://docs.kie.ai/market/gemini-omni-character
kie	api.v1.style.generate	POST	https://api.kie.ai/api/v1/style/generate
kie	api.v1.veo.extend	POST	https://api.kie.ai/api/v1/veo/extend	https://docs.kie.ai/veo3-api/extend-video
kie	api.v1.veo.generate	POST	https://api.kie.ai/api/v1/veo/generate	https://docs.kie.ai/veo3-api/generate-veo-3-video
kie	api.v1.vocalRemoval.generate	POST	https://api.kie.ai/api/v1/vocal-removal/generate
kie	api.v1.wav.generate	POST	https://api.kie.ai/api/v1/wav/generate
kie	claude.v1.messages	POST	https://api.kie.ai/claude/v1/messages	https://docs.kie.ai/market/claude/claude-sonnet-4-6
kie	codex.v1.responses	POST	https://api.kie.ai/codex/v1/responses	https://docs.kie.ai/market/chat/gpt-5-5
kie	gemini31Pro.v1.chat.completions	POST	https://api.kie.ai/gemini-3.1-pro/v1/chat/completions	https://docs.kie.ai/market/gemini/gemini-3-1-pro
kie	gemini.v1.models.gemini35Flash.streamGenerateContent	POST	https://api.kie.ai/gemini/v1/models/gemini-3-5-flash:streamGenerateContent	https://docs.kie.ai/market/gemini/gemini-3-5-flash
kimicoding	coding.v1.countTokens	POST	https://api.kimi.com/coding/v1/tokens/count	https://platform.moonshot.ai/docs
kimicoding	coding.v1.embeddings	POST	https://api.kimi.com/coding/v1/embeddings	https://platform.moonshot.ai/docs
kimicoding	coding.v1.messages	POST	https://api.kimi.com/coding/v1/messages	https://platform.moonshot.ai/docs
kimicoding	coding.v1.models	GET	https://api.kimi.com/coding/v1/models	https://platform.moonshot.ai/docs
meta	v25.container	GET	https://graph.instagram.com/v25.0/{containerId}{query}	https://developers.facebook.com/docs/instagram-platform/reference/ig-container/
meta	v25.media	POST	https://graph.instagram.com/v25.0/{igUserId}/media	https://developers.facebook.com/docs/instagram-platform/instagram-graph-api/reference/ig-user/media/
meta	v25.mediaPublish	POST	https://graph.instagram.com/v25.0/{igUserId}/media_publish	https://developers.facebook.com/docs/instagram-platform/instagram-graph-api/reference/ig-user/media_publish/
openai	v1.audio.speech	POST	https://api.openai.com/v1/audio/speech	https://platform.openai.com/docs/api-reference
openai	v1.audio.transcriptions	POST	https://api.openai.com/v1/audio/transcriptions	https://platform.openai.com/docs/api-reference
openai	v1.audio.translations	POST	https://api.openai.com/v1/audio/translations	https://platform.openai.com/docs/api-reference
openai	v1.batches	GET	https://api.openai.com/v1/batches/{idOrOpts}	https://platform.openai.com/docs/api-reference
openai	v1.batches	POST	https://api.openai.com/v1/batches	https://platform.openai.com/docs/api-reference
openai	v1.batches.cancel	POST	https://api.openai.com/v1/batches/{id}/cancel	https://platform.openai.com/docs/api-reference
openai	v1.chat.completions	DELETE	https://api.openai.com/v1/chat/completions/{id}	https://platform.openai.com/docs/api-reference
openai	v1.chat.completions	GET	https://api.openai.com/v1/chat/completions/{idOrOpts}	https://platform.openai.com/docs/api-reference
openai	v1.chat.completions	POST	https://api.openai.com/v1/chat/completions/{id}	https://platform.openai.com/docs/api-reference
openai	v1.chat.completions.messages	GET	https://api.openai.com/v1/chat/completions/{id}/messages	https://platform.openai.com/docs/api-reference
openai	v1.conversations	POST	https://api.openai.com/v1/conversations	https://platform.openai.com/docs/api-reference
openai	v1.embeddings	POST	https://api.openai.com/v1/embeddings	https://platform.openai.com/docs/api-reference
openai	v1.files	DELETE	https://api.openai.com/v1/files/{id}	https://platform.openai.com/docs/api-reference
openai	v1.files	GET	https://api.openai.com/v1/files/{idOrOpts}	https://platform.openai.com/docs/api-reference
openai	v1.files	POST	https://api.openai.com/v1/files	https://platform.openai.com/docs/api-reference
openai	v1.files.content	GET	https://api.openai.com/v1/files/{id}/content	https://platform.openai.com/docs/api-reference
openai	v1.fineTuning.checkpoints.permissions	DELETE	https://api.openai.com/v1/fine_tuning/checkpoints/{checkpoint}/permissions/{permissionId}	https://platform.openai.com/docs/api-reference
openai	v1.fineTuning.checkpoints.permissions	GET	https://api.openai.com/v1/fine_tuning/checkpoints/{checkpoint}/permissions	https://platform.openai.com/docs/api-reference
openai	v1.fineTuning.checkpoints.permissions	POST	https://api.openai.com/v1/fine_tuning/checkpoints/{checkpoint}/permissions	https://platform.openai.com/docs/api-reference
openai	v1.fineTuning.jobs	GET	https://api.openai.com/v1/fine_tuning/jobs/{idOrOpts}	https://platform.openai.com/docs/api-reference
openai	v1.fineTuning.jobs	POST	https://api.openai.com/v1/fine_tuning/jobs	https://platform.openai.com/docs/api-reference
openai	v1.fineTuning.jobs.cancel	POST	https://api.openai.com/v1/fine_tuning/jobs/{id}/cancel	https://platform.openai.com/docs/api-reference
openai	v1.fineTuning.jobs.checkpoints	GET	https://api.openai.com/v1/fine_tuning/jobs/{id}/checkpoints	https://platform.openai.com/docs/api-reference
openai	v1.fineTuning.jobs.events	GET	https://api.openai.com/v1/fine_tuning/jobs/{id}/events	https://platform.openai.com/docs/api-reference
openai	v1.fineTuning.jobs.pause	POST	https://api.openai.com/v1/fine_tuning/jobs/{id}/pause	https://platform.openai.com/docs/api-reference
openai	v1.fineTuning.jobs.resume	POST	https://api.openai.com/v1/fine_tuning/jobs/{id}/resume	https://platform.openai.com/docs/api-reference
openai	v1.images.edits	POST	https://api.openai.com/v1/images/edits	https://platform.openai.com/docs/api-reference
openai	v1.images.generations	POST	https://api.openai.com/v1/images/generations	https://platform.openai.com/docs/api-reference
openai	v1.images.variations	POST	https://api.openai.com/v1/images/variations	https://platform.openai.com/docs/api-reference
openai	v1.models	DELETE	https://api.openai.com/v1/models/{id}	https://platform.openai.com/docs/api-reference
openai	v1.models	GET	https://api.openai.com/v1/models/{id}	https://platform.openai.com/docs/api-reference
openai	v1.moderations	POST	https://api.openai.com/v1/moderations	https://platform.openai.com/docs/api-reference
openai	v1.organization.costs	GET	https://api.openai.com/v1/organization/costs	https://platform.openai.com/docs/api-reference/usage
openai	v1.organization.projects	GET	https://api.openai.com/v1/organization/projects/{idOrOpts}	https://platform.openai.com/docs/api-reference/projects
openai	v1.organization.projects.rateLimits	GET	https://api.openai.com/v1/organization/projects/{projectId}/rate_limits	https://platform.openai.com/docs/api-reference/project-rate-limits
openai	v1.organization.usage.audioSpeeches	GET	https://api.openai.com/v1/organization/usage/audio_speeches	https://platform.openai.com/docs/api-reference/usage
openai	v1.organization.usage.audioTranscriptions	GET	https://api.openai.com/v1/organization/usage/audio_transcriptions	https://platform.openai.com/docs/api-reference/usage
openai	v1.organization.usage.codeInterpreterSessions	GET	https://api.openai.com/v1/organization/usage/code_interpreter_sessions	https://platform.openai.com/docs/api-reference/usage
openai	v1.organization.usage.completions	GET	https://api.openai.com/v1/organization/usage/completions	https://platform.openai.com/docs/api-reference/usage
openai	v1.organization.usage.embeddings	GET	https://api.openai.com/v1/organization/usage/embeddings	https://platform.openai.com/docs/api-reference/usage
openai	v1.organization.usage.images	GET	https://api.openai.com/v1/organization/usage/images	https://platform.openai.com/docs/api-reference/usage
openai	v1.organization.usage.moderations	GET	https://api.openai.com/v1/organization/usage/moderations	https://platform.openai.com/docs/api-reference/usage
openai	v1.organization.usage.vectorStores	GET	https://api.openai.com/v1/organization/usage/vector_stores	https://platform.openai.com/docs/api-reference/usage
openai	v1.responses	DELETE	https://api.openai.com/v1/responses/{id}	https://platform.openai.com/docs/api-reference
openai	v1.responses	GET	https://api.openai.com/v1/responses/{id}	https://platform.openai.com/docs/api-reference
openai	v1.responses	POST	https://api.openai.com/v1/responses	https://platform.openai.com/docs/api-reference
openai	v1.responses.cancel	POST	https://api.openai.com/v1/responses/{id}/cancel	https://platform.openai.com/docs/api-reference
openai	v1.responses.compact	POST	https://api.openai.com/v1/responses/compact	https://platform.openai.com/docs/api-reference
openai	v1.responses.inputItems	GET	https://api.openai.com/v1/responses/{id}/input_items	https://platform.openai.com/docs/api-reference
openai	v1.responses.inputTokens	POST	https://api.openai.com/v1/responses/input_tokens	https://platform.openai.com/docs/api-reference
openai	codex.usage	GET	https://chatgpt.com/backend-api/wham/usage	https://developers.openai.com/codex/pricing
polymarket	clob.auth.apiKey	DELETE	https://clob.polymarket.com/auth/api-key	https://docs.polymarket.com/api-reference/authentication.md
polymarket	clob.auth.apiKey	POST	https://clob.polymarket.com/auth/api-key	https://docs.polymarket.com/api-reference/authentication.md
polymarket	clob.auth.apiKeys	GET	https://clob.polymarket.com/auth/api-keys	https://docs.polymarket.com/api-reference/authentication.md
polymarket	clob.auth.banStatus.closedOnly	GET	https://clob.polymarket.com/auth/ban-status/closed-only	https://docs.polymarket.com/api-reference/authentication.md
polymarket	clob.auth.builderApiKey	DELETE	https://clob.polymarket.com/auth/builder-api-key	https://docs.polymarket.com/api-spec/clob-openapi.yaml
polymarket	clob.auth.builderApiKey	GET	https://clob.polymarket.com/auth/builder-api-key	https://docs.polymarket.com/api-spec/clob-openapi.yaml
polymarket	clob.auth.builderApiKey	POST	https://clob.polymarket.com/auth/builder-api-key	https://docs.polymarket.com/api-spec/clob-openapi.yaml
polymarket	clob.auth.deriveApiKey	GET	https://clob.polymarket.com/auth/derive-api-key	https://docs.polymarket.com/api-reference/authentication.md
polymarket	clob.balanceAllowance	GET	https://clob.polymarket.com/balance-allowance{query}	https://docs.polymarket.com/api-reference/authentication.md
polymarket	clob.balanceAllowance	PUT	https://clob.polymarket.com/balance-allowance{query}	https://docs.polymarket.com/api-reference/authentication.md
polymarket	clob.balanceAllowance.update	GET	https://clob.polymarket.com/balance-allowance/update{query}	https://docs.polymarket.com/api-reference/authentication.md
polymarket	clob.batchPricesHistory	POST	https://clob.polymarket.com/batch-prices-history	https://docs.polymarket.com/api-reference/markets/get-batch-prices-history.md
polymarket	clob.book	GET	https://clob.polymarket.com/book{query}	https://docs.polymarket.com/api-reference/market-data/get-order-book.md
polymarket	clob.books	GET	https://clob.polymarket.com/books{query}	https://docs.polymarket.com/api-spec/clob-openapi.yaml
polymarket	clob.books	POST	https://clob.polymarket.com/books	https://docs.polymarket.com/api-reference/market-data/get-order-books-request-body.md
polymarket	clob.builderTrades	GET	https://clob.polymarket.com/builder/trades{query}	https://docs.polymarket.com/api-reference/trade/get-builder-trades.md
polymarket	clob.cancelAll	DELETE	https://clob.polymarket.com/cancel-all	https://docs.polymarket.com/api-reference/trade/cancel-all-orders.md
polymarket	clob.cancelMarketOrders	DELETE	https://clob.polymarket.com/cancel-market-orders	https://docs.polymarket.com/api-reference/trade/cancel-orders-for-a-market.md
polymarket	clob.clobMarkets	GET	https://clob.polymarket.com/clob-markets/{conditionId}	https://docs.polymarket.com/api-reference/markets/get-clob-market-info.md
polymarket	clob.data.order	GET	https://clob.polymarket.com/data/order/{orderID}	https://docs.polymarket.com/api-reference/trade/get-single-order-by-id.md
polymarket	clob.data.orders	GET	https://clob.polymarket.com/data/orders{query}	https://docs.polymarket.com/api-reference/trade/get-user-orders.md
polymarket	clob.data.trades	GET	https://clob.polymarket.com/data/trades{query}	https://docs.polymarket.com/api-reference/trade/get-trades.md
polymarket	clob.feeRate	GET	https://clob.polymarket.com/fee-rate/{tokenId}	https://docs.polymarket.com/api-reference/market-data/get-fee-rate-by-path-parameter.md
polymarket	clob.feeRateByQuery	GET	https://clob.polymarket.com/fee-rate{query}	https://docs.polymarket.com/api-reference/market-data/get-fee-rate.md
polymarket	clob.heartbeats	POST	https://clob.polymarket.com/heartbeats	https://docs.polymarket.com/api-reference/trade/send-heartbeat.md
polymarket	clob.lastTradePrice	GET	https://clob.polymarket.com/last-trade-price{query}	https://docs.polymarket.com/api-reference/market-data/get-last-trade-price.md
polymarket	clob.lastTradesPrices	GET	https://clob.polymarket.com/last-trades-prices{query}	https://docs.polymarket.com/api-reference/market-data/get-last-trade-prices-query-parameters.md
polymarket	clob.lastTradesPrices	POST	https://clob.polymarket.com/last-trades-prices	https://docs.polymarket.com/api-reference/market-data/get-last-trade-prices-request-body.md
polymarket	clob.marketLiveActivity	GET	https://clob.polymarket.com/markets/live-activity/{conditionId}	https://docs.polymarket.com/api-spec/clob-openapi.yaml
polymarket	clob.markets	GET	https://clob.polymarket.com/markets/{paramsOrConditionIdOrSignal}	https://docs.polymarket.com/api-spec/clob-openapi.yaml
polymarket	clob.marketsByToken	GET	https://clob.polymarket.com/markets-by-token/{tokenId}	https://docs.polymarket.com/api-reference/markets/get-market-by-token.md
polymarket	clob.marketsLiveActivity	POST	https://clob.polymarket.com/markets/live-activity	https://docs.polymarket.com/api-spec/clob-openapi.yaml
polymarket	clob.midpoint	GET	https://clob.polymarket.com/midpoint{query}	https://docs.polymarket.com/api-reference/data/get-midpoint-price.md
polymarket	clob.midpoints	GET	https://clob.polymarket.com/midpoints{query}	https://docs.polymarket.com/api-reference/market-data/get-midpoint-prices-query-parameters.md
polymarket	clob.midpoints	POST	https://clob.polymarket.com/midpoints	https://docs.polymarket.com/api-reference/market-data/get-midpoint-prices-request-body.md
polymarket	clob.negRisk	GET	https://clob.polymarket.com/neg-risk/{tokenId}	https://docs.polymarket.com/api-spec/clob-openapi.yaml
polymarket	clob.negRiskByQuery	GET	https://clob.polymarket.com/neg-risk{query}	https://docs.polymarket.com/api-spec/clob-openapi.yaml
polymarket	clob.notifications	DELETE	https://clob.polymarket.com/notifications{query}	https://docs.polymarket.com/api-reference/authentication.md
polymarket	clob.notifications	GET	https://clob.polymarket.com/notifications{query}	https://docs.polymarket.com/api-reference/authentication.md
polymarket	clob.order	DELETE	https://clob.polymarket.com/order	https://docs.polymarket.com/api-reference/trade/cancel-single-order.md
polymarket	clob.order	POST	https://clob.polymarket.com/order	https://docs.polymarket.com/api-reference/trade/post-a-new-order.md
polymarket	clob.orderScoring	GET	https://clob.polymarket.com/order-scoring{query}	https://docs.polymarket.com/api-reference/trade/get-order-scoring-status.md
polymarket	clob.orders	DELETE	https://clob.polymarket.com/orders	https://docs.polymarket.com/api-reference/trade/cancel-multiple-orders.md
polymarket	clob.orders	POST	https://clob.polymarket.com/orders	https://docs.polymarket.com/api-reference/trade/post-multiple-orders.md
polymarket	clob.ordersScoring	GET	https://clob.polymarket.com/orders-scoring{query}	https://docs.polymarket.com/api-reference/trade/get-order-scoring-status.md
polymarket	clob.ordersScoring	POST	https://clob.polymarket.com/orders-scoring	https://docs.polymarket.com/api-reference/trade/get-order-scoring-status.md
polymarket	clob.placeOrder	POST	https://clob.polymarket.com/order	https://docs.polymarket.com/api-reference/trade/post-a-new-order.md
polymarket	clob.price	GET	https://clob.polymarket.com/price{query}	https://docs.polymarket.com/api-reference/market-data/get-market-price.md
polymarket	clob.prices	GET	https://clob.polymarket.com/prices{query}	https://docs.polymarket.com/api-reference/market-data/get-market-prices-query-parameters.md
polymarket	clob.prices	POST	https://clob.polymarket.com/prices	https://docs.polymarket.com/api-reference/market-data/get-market-prices-request-body.md
polymarket	clob.pricesHistory	GET	https://clob.polymarket.com/prices-history{query}	https://docs.polymarket.com/api-reference/markets/get-prices-history.md
polymarket	clob.rebates.current	GET	https://clob.polymarket.com/rebates/current{query}	https://docs.polymarket.com/api-reference/rebates/get-current-rebated-fees-for-a-maker.md
polymarket	clob.rewards.markets.byCondition	GET	https://clob.polymarket.com/rewards/markets/{conditionId}{query}	https://docs.polymarket.com/api-reference/rewards/get-raw-rewards-for-a-specific-market.md
polymarket	clob.rewards.markets.current	GET	https://clob.polymarket.com/rewards/markets/current{query}	https://docs.polymarket.com/api-reference/rewards/get-current-active-rewards-configurations.md
polymarket	clob.rewards.markets.multi	GET	https://clob.polymarket.com/rewards/markets/multi{query}	https://docs.polymarket.com/api-reference/rewards/get-multiple-markets-with-rewards.md
polymarket	clob.rewards.user	GET	https://clob.polymarket.com/rewards/user{query}	https://docs.polymarket.com/api-reference/rewards/get-earnings-for-user-by-date.md
polymarket	clob.rewards.userMarkets	GET	https://clob.polymarket.com/rewards/user/markets{query}	https://docs.polymarket.com/api-reference/rewards/get-user-earnings-and-markets-configuration.md
polymarket	clob.rewards.userPercentages	GET	https://clob.polymarket.com/rewards/user/percentages{query}	https://docs.polymarket.com/api-reference/rewards/get-reward-percentages-for-user.md
polymarket	clob.rewards.userTotal	GET	https://clob.polymarket.com/rewards/user/total{query}	https://docs.polymarket.com/api-reference/rewards/get-total-earnings-for-user-by-date.md
polymarket	clob.samplingMarkets	GET	https://clob.polymarket.com/sampling-markets{query}	https://docs.polymarket.com/api-reference/markets/get-sampling-markets.md
polymarket	clob.samplingSimplifiedMarkets	GET	https://clob.polymarket.com/sampling-simplified-markets{query}	https://docs.polymarket.com/api-reference/markets/get-sampling-simplified-markets.md
polymarket	clob.simplifiedMarkets	GET	https://clob.polymarket.com/simplified-markets{query}	https://docs.polymarket.com/api-reference/markets/get-simplified-markets.md
polymarket	clob.spread	GET	https://clob.polymarket.com/spread{query}	https://docs.polymarket.com/api-reference/market-data/get-spread.md
polymarket	clob.spreads	POST	https://clob.polymarket.com/spreads	https://docs.polymarket.com/api-reference/market-data/get-spreads.md
polymarket	clob.tickSize	GET	https://clob.polymarket.com/tick-size/{tokenId}	https://docs.polymarket.com/api-reference/market-data/get-tick-size-by-path-parameter.md
polymarket	clob.tickSizeByQuery	GET	https://clob.polymarket.com/tick-size{query}	https://docs.polymarket.com/api-reference/market-data/get-tick-size.md
polymarket	clob.time	GET	https://clob.polymarket.com/time	https://docs.polymarket.com/api-reference/data/get-server-time.md
polymarket	clob.v1.heartbeats	POST	https://clob.polymarket.com/v1/heartbeats	https://docs.polymarket.com/api-reference/trade/send-heartbeat.md
polymarket	data.accounting.snapshot	GET	https://data-api.polymarket.com/v1/accounting/snapshot{query}	https://docs.polymarket.com/api-reference/misc/download-an-accounting-snapshot-zip-of-csvs.md
polymarket	data.activity	GET	https://data-api.polymarket.com/activity{query}	https://docs.polymarket.com/api-reference/core/get-user-activity.md
polymarket	data.activity.combos	GET	https://data-api.polymarket.com/v1/activity/combos{query}	https://docs.polymarket.com/api-reference/core/get-user-combo-activity.md
polymarket	data.builders.leaderboard	GET	https://data-api.polymarket.com/v1/builders/leaderboard{query}	https://docs.polymarket.com/api-reference/builders/get-aggregated-builder-leaderboard.md
polymarket	data.builders.volume	GET	https://data-api.polymarket.com/v1/builders/volume{query}	https://docs.polymarket.com/api-reference/builders/get-daily-builder-volume-time-series.md
polymarket	data.closedPositions	GET	https://data-api.polymarket.com/closed-positions{query}	https://docs.polymarket.com/api-reference/core/get-closed-positions-for-a-user.md
polymarket	data.health	GET	https://data-api.polymarket.com/	https://docs.polymarket.com/api-spec/data-openapi.yaml
polymarket	data.holders	GET	https://data-api.polymarket.com/holders{query}	https://docs.polymarket.com/api-reference/core/get-top-holders-for-markets.md
polymarket	data.leaderboard	GET	https://data-api.polymarket.com/v1/leaderboard{query}	https://docs.polymarket.com/api-reference/core/get-trader-leaderboard-rankings.md
polymarket	data.liveVolume	GET	https://data-api.polymarket.com/live-volume{query}	https://docs.polymarket.com/api-reference/misc/get-live-volume-for-an-event.md
polymarket	data.marketPositions	GET	https://data-api.polymarket.com/v1/market-positions{query}	https://docs.polymarket.com/api-reference/core/get-positions-for-a-market.md
polymarket	data.oi	GET	https://data-api.polymarket.com/oi{query}	https://docs.polymarket.com/api-reference/misc/get-open-interest.md
polymarket	data.positions	GET	https://data-api.polymarket.com/positions{query}	https://docs.polymarket.com/api-reference/core/get-current-positions-for-a-user.md
polymarket	data.positions.combos	GET	https://data-api.polymarket.com/v1/positions/combos{query}	https://docs.polymarket.com/api-reference/core/get-user-combo-positions.md
polymarket	data.traded	GET	https://data-api.polymarket.com/traded{query}	https://docs.polymarket.com/api-reference/misc/get-total-markets-a-user-has-traded.md
polymarket	data.trades	GET	https://data-api.polymarket.com/trades{query}	https://docs.polymarket.com/api-reference/core/get-trades-for-a-user-or-markets.md
polymarket	data.value	GET	https://data-api.polymarket.com/value{query}	https://docs.polymarket.com/api-reference/core/get-total-value-of-a-users-positions.md
polymarket	gamma.comments	GET	https://gamma-api.polymarket.com/comments/{paramsOrIdOrSignal}	https://docs.polymarket.com/api-reference/comments/list-comments.md
polymarket	gamma.comments.byUser	GET	https://gamma-api.polymarket.com/comments/user_address/{address}{query}	https://docs.polymarket.com/api-reference/comments/get-comments-by-user-address.md
polymarket	gamma.events	GET	https://gamma-api.polymarket.com/events/{paramsOrIdOrSignal}	https://docs.polymarket.com/api-reference/events/list-events.md
polymarket	gamma.events.keyset	GET	https://gamma-api.polymarket.com/events/keyset{query}	https://docs.polymarket.com/api-reference/events/list-events-keyset-pagination.md
polymarket	gamma.events.slug	GET	https://gamma-api.polymarket.com/events/slug/{slug}	https://docs.polymarket.com/api-reference/events/get-event-by-slug.md
polymarket	gamma.events.tags	GET	https://gamma-api.polymarket.com/events/{id}/tags	https://docs.polymarket.com/api-reference/events/get-event-tags.md
polymarket	gamma.markets	GET	https://gamma-api.polymarket.com/markets/{paramsOrIdOrSignal}	https://docs.polymarket.com/api-reference/markets/list-markets.md
polymarket	gamma.markets.keyset	GET	https://gamma-api.polymarket.com/markets/keyset{query}	https://docs.polymarket.com/api-reference/markets/list-markets-keyset-pagination.md
polymarket	gamma.markets.slug	GET	https://gamma-api.polymarket.com/markets/slug/{slug}	https://docs.polymarket.com/api-reference/markets/get-market-by-slug.md
polymarket	gamma.markets.tags	GET	https://gamma-api.polymarket.com/markets/{id}/tags	https://docs.polymarket.com/api-reference/markets/get-market-tags-by-id.md
polymarket	gamma.publicProfile	GET	https://gamma-api.polymarket.com/public-profile{query}	https://docs.polymarket.com/api-reference/profiles/get-public-profile-by-wallet-address.md
polymarket	gamma.search	GET	https://gamma-api.polymarket.com/public-search{query}	https://docs.polymarket.com/api-reference/search/search-markets-events-and-profiles.md
polymarket	gamma.series	GET	https://gamma-api.polymarket.com/series/{paramsOrIdOrSignal}	https://docs.polymarket.com/api-reference/series/list-series.md
polymarket	gamma.sports	GET	https://gamma-api.polymarket.com/sports	https://docs.polymarket.com/api-reference/sports/get-sports-metadata-information.md
polymarket	gamma.sports.marketTypes	GET	https://gamma-api.polymarket.com/sports/market-types	https://docs.polymarket.com/api-reference/sports/get-valid-sports-market-types.md
polymarket	gamma.status	GET	https://gamma-api.polymarket.com/status	https://docs.polymarket.com/api-spec/gamma-openapi.yaml
polymarket	gamma.tags	GET	https://gamma-api.polymarket.com/tags/{paramsOrIdOrSignal}	https://docs.polymarket.com/api-reference/tags/list-tags.md
polymarket	gamma.tags.relatedTags	GET	https://gamma-api.polymarket.com/tags/{id}/related-tags{query}	https://docs.polymarket.com/api-reference/tags/get-related-tags-relationships-by-tag-id.md
polymarket	gamma.tags.relatedTags.slug	GET	https://gamma-api.polymarket.com/tags/slug/{slug}/related-tags{query}	https://docs.polymarket.com/api-reference/tags/get-related-tags-relationships-by-tag-slug.md
polymarket	gamma.tags.relatedTags.tags	GET	https://gamma-api.polymarket.com/tags/{id}/related-tags/tags{query}	https://docs.polymarket.com/api-reference/tags/get-tags-related-to-a-tag-id.md
polymarket	gamma.tags.relatedTags.tags.slug	GET	https://gamma-api.polymarket.com/tags/slug/{slug}/related-tags/tags{query}	https://docs.polymarket.com/api-reference/tags/get-tags-related-to-a-tag-slug.md
polymarket	gamma.tags.slug	GET	https://gamma-api.polymarket.com/tags/slug/{slug}	https://docs.polymarket.com/api-reference/tags/get-tag-by-slug.md
polymarket	gamma.teams	GET	https://gamma-api.polymarket.com/teams{query}	https://docs.polymarket.com/api-reference/sports/list-teams.md
telegram	addStickerToSet	POST	https://api.telegram.org/bot{token}/addStickerToSet	https://core.telegram.org/bots/api#addstickertoset
telegram	answerCallbackQuery	POST	https://api.telegram.org/bot{token}/answerCallbackQuery	https://core.telegram.org/bots/api#answercallbackquery
telegram	answerChatJoinRequestQuery	POST	https://api.telegram.org/bot{token}/answerChatJoinRequestQuery	https://core.telegram.org/bots/api#answerchatjoinrequestquery
telegram	answerGuestQuery	POST	https://api.telegram.org/bot{token}/answerGuestQuery	https://core.telegram.org/bots/api#answerguestquery
telegram	answerInlineQuery	POST	https://api.telegram.org/bot{token}/answerInlineQuery	https://core.telegram.org/bots/api#answerinlinequery
telegram	answerPreCheckoutQuery	POST	https://api.telegram.org/bot{token}/answerPreCheckoutQuery	https://core.telegram.org/bots/api#answerprecheckoutquery
telegram	answerShippingQuery	POST	https://api.telegram.org/bot{token}/answerShippingQuery	https://core.telegram.org/bots/api#answershippingquery
telegram	answerWebAppQuery	POST	https://api.telegram.org/bot{token}/answerWebAppQuery	https://core.telegram.org/bots/api#answerwebappquery
telegram	approveChatJoinRequest	POST	https://api.telegram.org/bot{token}/approveChatJoinRequest	https://core.telegram.org/bots/api#approvechatjoinrequest
telegram	approveSuggestedPost	POST	https://api.telegram.org/bot{token}/approveSuggestedPost	https://core.telegram.org/bots/api#approvesuggestedpost
telegram	banChatMember	POST	https://api.telegram.org/bot{token}/banChatMember	https://core.telegram.org/bots/api#banchatmember
telegram	banChatSenderChat	POST	https://api.telegram.org/bot{token}/banChatSenderChat	https://core.telegram.org/bots/api#banchatsenderchat
telegram	close	POST	https://api.telegram.org/bot{token}/close	https://core.telegram.org/bots/api#close
telegram	closeForumTopic	POST	https://api.telegram.org/bot{token}/closeForumTopic	https://core.telegram.org/bots/api#closeforumtopic
telegram	closeGeneralForumTopic	POST	https://api.telegram.org/bot{token}/closeGeneralForumTopic	https://core.telegram.org/bots/api#closegeneralforumtopic
telegram	convertGiftToStars	POST	https://api.telegram.org/bot{token}/convertGiftToStars	https://core.telegram.org/bots/api#convertgifttostars
telegram	copyMessage	POST	https://api.telegram.org/bot{token}/copyMessage	https://core.telegram.org/bots/api#copymessage
telegram	copyMessages	POST	https://api.telegram.org/bot{token}/copyMessages	https://core.telegram.org/bots/api#copymessages
telegram	createChatInviteLink	POST	https://api.telegram.org/bot{token}/createChatInviteLink	https://core.telegram.org/bots/api#createchatinvitelink
telegram	createChatSubscriptionInviteLink	POST	https://api.telegram.org/bot{token}/createChatSubscriptionInviteLink	https://core.telegram.org/bots/api#createchatsubscriptioninvitelink
telegram	createForumTopic	POST	https://api.telegram.org/bot{token}/createForumTopic	https://core.telegram.org/bots/api#createforumtopic
telegram	createInvoiceLink	POST	https://api.telegram.org/bot{token}/createInvoiceLink	https://core.telegram.org/bots/api#createinvoicelink
telegram	createNewStickerSet	POST	https://api.telegram.org/bot{token}/createNewStickerSet	https://core.telegram.org/bots/api#createnewstickerset
telegram	declineChatJoinRequest	POST	https://api.telegram.org/bot{token}/declineChatJoinRequest	https://core.telegram.org/bots/api#declinechatjoinrequest
telegram	declineSuggestedPost	POST	https://api.telegram.org/bot{token}/declineSuggestedPost	https://core.telegram.org/bots/api#declinesuggestedpost
telegram	deleteAllMessageReactions	POST	https://api.telegram.org/bot{token}/deleteAllMessageReactions	https://core.telegram.org/bots/api#deleteallmessagereactions
telegram	deleteBusinessMessages	POST	https://api.telegram.org/bot{token}/deleteBusinessMessages	https://core.telegram.org/bots/api#deletebusinessmessages
telegram	deleteChatPhoto	POST	https://api.telegram.org/bot{token}/deleteChatPhoto	https://core.telegram.org/bots/api#deletechatphoto
telegram	deleteChatStickerSet	POST	https://api.telegram.org/bot{token}/deleteChatStickerSet	https://core.telegram.org/bots/api#deletechatstickerset
telegram	deleteForumTopic	POST	https://api.telegram.org/bot{token}/deleteForumTopic	https://core.telegram.org/bots/api#deleteforumtopic
telegram	deleteMessage	POST	https://api.telegram.org/bot{token}/deleteMessage	https://core.telegram.org/bots/api#deletemessage
telegram	deleteMessageReaction	POST	https://api.telegram.org/bot{token}/deleteMessageReaction	https://core.telegram.org/bots/api#deletemessagereaction
telegram	deleteMessages	POST	https://api.telegram.org/bot{token}/deleteMessages	https://core.telegram.org/bots/api#deletemessages
telegram	deleteMyCommands	POST	https://api.telegram.org/bot{token}/deleteMyCommands	https://core.telegram.org/bots/api#deletemycommands
telegram	deleteStickerFromSet	POST	https://api.telegram.org/bot{token}/deleteStickerFromSet	https://core.telegram.org/bots/api#deletestickerfromset
telegram	deleteStickerSet	POST	https://api.telegram.org/bot{token}/deleteStickerSet	https://core.telegram.org/bots/api#deletestickerset
telegram	deleteStory	POST	https://api.telegram.org/bot{token}/deleteStory	https://core.telegram.org/bots/api#deletestory
telegram	deleteWebhook	POST	https://api.telegram.org/bot{token}/deleteWebhook	https://core.telegram.org/bots/api#deletewebhook
telegram	editChatInviteLink	POST	https://api.telegram.org/bot{token}/editChatInviteLink	https://core.telegram.org/bots/api#editchatinvitelink
telegram	editChatSubscriptionInviteLink	POST	https://api.telegram.org/bot{token}/editChatSubscriptionInviteLink	https://core.telegram.org/bots/api#editchatsubscriptioninvitelink
telegram	editForumTopic	POST	https://api.telegram.org/bot{token}/editForumTopic	https://core.telegram.org/bots/api#editforumtopic
telegram	editGeneralForumTopic	POST	https://api.telegram.org/bot{token}/editGeneralForumTopic	https://core.telegram.org/bots/api#editgeneralforumtopic
telegram	editMessageCaption	POST	https://api.telegram.org/bot{token}/editMessageCaption	https://core.telegram.org/bots/api#editmessagecaption
telegram	editMessageChecklist	POST	https://api.telegram.org/bot{token}/editMessageChecklist	https://core.telegram.org/bots/api#editmessagechecklist
telegram	editMessageLiveLocation	POST	https://api.telegram.org/bot{token}/editMessageLiveLocation	https://core.telegram.org/bots/api#editmessagelivelocation
telegram	editMessageMedia	POST	https://api.telegram.org/bot{token}/editMessageMedia	https://core.telegram.org/bots/api#editmessagemedia
telegram	editMessageReplyMarkup	POST	https://api.telegram.org/bot{token}/editMessageReplyMarkup	https://core.telegram.org/bots/api#editmessagereplymarkup
telegram	editMessageText	POST	https://api.telegram.org/bot{token}/editMessageText	https://core.telegram.org/bots/api#editmessagetext
telegram	editStory	POST	https://api.telegram.org/bot{token}/editStory	https://core.telegram.org/bots/api#editstory
telegram	editUserStarSubscription	POST	https://api.telegram.org/bot{token}/editUserStarSubscription	https://core.telegram.org/bots/api#edituserstarsubscription
telegram	exportChatInviteLink	POST	https://api.telegram.org/bot{token}/exportChatInviteLink	https://core.telegram.org/bots/api#exportchatinvitelink
telegram	forwardMessage	POST	https://api.telegram.org/bot{token}/forwardMessage	https://core.telegram.org/bots/api#forwardmessage
telegram	forwardMessages	POST	https://api.telegram.org/bot{token}/forwardMessages	https://core.telegram.org/bots/api#forwardmessages
telegram	getAvailableGifts	POST	https://api.telegram.org/bot{token}/getAvailableGifts	https://core.telegram.org/bots/api#getavailablegifts
telegram	getBusinessAccountGifts	POST	https://api.telegram.org/bot{token}/getBusinessAccountGifts	https://core.telegram.org/bots/api#getbusinessaccountgifts
telegram	getBusinessAccountStarBalance	POST	https://api.telegram.org/bot{token}/getBusinessAccountStarBalance	https://core.telegram.org/bots/api#getbusinessaccountstarbalance
telegram	getBusinessConnection	POST	https://api.telegram.org/bot{token}/getBusinessConnection	https://core.telegram.org/bots/api#getbusinessconnection
telegram	getChat	POST	https://api.telegram.org/bot{token}/getChat	https://core.telegram.org/bots/api#getchat
telegram	getChatAdministrators	POST	https://api.telegram.org/bot{token}/getChatAdministrators	https://core.telegram.org/bots/api#getchatadministrators
telegram	getChatGifts	POST	https://api.telegram.org/bot{token}/getChatGifts	https://core.telegram.org/bots/api#getchatgifts
telegram	getChatMember	POST	https://api.telegram.org/bot{token}/getChatMember	https://core.telegram.org/bots/api#getchatmember
telegram	getChatMemberCount	POST	https://api.telegram.org/bot{token}/getChatMemberCount	https://core.telegram.org/bots/api#getchatmembercount
telegram	getChatMenuButton	POST	https://api.telegram.org/bot{token}/getChatMenuButton	https://core.telegram.org/bots/api#getchatmenubutton
telegram	getCustomEmojiStickers	POST	https://api.telegram.org/bot{token}/getCustomEmojiStickers	https://core.telegram.org/bots/api#getcustomemojistickers
telegram	getFile	POST	https://api.telegram.org/bot{token}/getFile	https://core.telegram.org/bots/api#getfile
telegram	getForumTopicIconStickers	POST	https://api.telegram.org/bot{token}/getForumTopicIconStickers	https://core.telegram.org/bots/api#getforumtopiciconstickers
telegram	getGameHighScores	POST	https://api.telegram.org/bot{token}/getGameHighScores	https://core.telegram.org/bots/api#getgamehighscores
telegram	getManagedBotAccessSettings	POST	https://api.telegram.org/bot{token}/getManagedBotAccessSettings	https://core.telegram.org/bots/api#getmanagedbotaccesssettings
telegram	getManagedBotToken	POST	https://api.telegram.org/bot{token}/getManagedBotToken	https://core.telegram.org/bots/api#getmanagedbottoken
telegram	getMe	POST	https://api.telegram.org/bot{token}/getMe	https://core.telegram.org/bots/api#getme
telegram	getMyCommands	POST	https://api.telegram.org/bot{token}/getMyCommands	https://core.telegram.org/bots/api#getmycommands
telegram	getMyDefaultAdministratorRights	POST	https://api.telegram.org/bot{token}/getMyDefaultAdministratorRights	https://core.telegram.org/bots/api#getmydefaultadministratorrights
telegram	getMyDescription	POST	https://api.telegram.org/bot{token}/getMyDescription	https://core.telegram.org/bots/api#getmydescription
telegram	getMyName	POST	https://api.telegram.org/bot{token}/getMyName	https://core.telegram.org/bots/api#getmyname
telegram	getMyShortDescription	POST	https://api.telegram.org/bot{token}/getMyShortDescription	https://core.telegram.org/bots/api#getmyshortdescription
telegram	getMyStarBalance	POST	https://api.telegram.org/bot{token}/getMyStarBalance	https://core.telegram.org/bots/api#getmystarbalance
telegram	getStarTransactions	POST	https://api.telegram.org/bot{token}/getStarTransactions	https://core.telegram.org/bots/api#getstartransactions
telegram	getStickerSet	POST	https://api.telegram.org/bot{token}/getStickerSet	https://core.telegram.org/bots/api#getstickerset
telegram	getUpdates	POST	https://api.telegram.org/bot{token}/getUpdates	https://core.telegram.org/bots/api#getupdates
telegram	getUserChatBoosts	POST	https://api.telegram.org/bot{token}/getUserChatBoosts	https://core.telegram.org/bots/api#getuserchatboosts
telegram	getUserGifts	POST	https://api.telegram.org/bot{token}/getUserGifts	https://core.telegram.org/bots/api#getusergifts
telegram	getUserPersonalChatMessages	POST	https://api.telegram.org/bot{token}/getUserPersonalChatMessages	https://core.telegram.org/bots/api#getuserpersonalchatmessages
telegram	getUserProfileAudios	POST	https://api.telegram.org/bot{token}/getUserProfileAudios	https://core.telegram.org/bots/api#getuserprofileaudios
telegram	getUserProfilePhotos	POST	https://api.telegram.org/bot{token}/getUserProfilePhotos	https://core.telegram.org/bots/api#getuserprofilephotos
telegram	getWebhookInfo	POST	https://api.telegram.org/bot{token}/getWebhookInfo	https://core.telegram.org/bots/api#getwebhookinfo
telegram	giftPremiumSubscription	POST	https://api.telegram.org/bot{token}/giftPremiumSubscription	https://core.telegram.org/bots/api#giftpremiumsubscription
telegram	hideGeneralForumTopic	POST	https://api.telegram.org/bot{token}/hideGeneralForumTopic	https://core.telegram.org/bots/api#hidegeneralforumtopic
telegram	leaveChat	POST	https://api.telegram.org/bot{token}/leaveChat	https://core.telegram.org/bots/api#leavechat
telegram	logOut	POST	https://api.telegram.org/bot{token}/logOut	https://core.telegram.org/bots/api#logout
telegram	pinChatMessage	POST	https://api.telegram.org/bot{token}/pinChatMessage	https://core.telegram.org/bots/api#pinchatmessage
telegram	postStory	POST	https://api.telegram.org/bot{token}/postStory	https://core.telegram.org/bots/api#poststory
telegram	promoteChatMember	POST	https://api.telegram.org/bot{token}/promoteChatMember	https://core.telegram.org/bots/api#promotechatmember
telegram	readBusinessMessage	POST	https://api.telegram.org/bot{token}/readBusinessMessage	https://core.telegram.org/bots/api#readbusinessmessage
telegram	refundStarPayment	POST	https://api.telegram.org/bot{token}/refundStarPayment	https://core.telegram.org/bots/api#refundstarpayment
telegram	removeBusinessAccountProfilePhoto	POST	https://api.telegram.org/bot{token}/removeBusinessAccountProfilePhoto	https://core.telegram.org/bots/api#removebusinessaccountprofilephoto
telegram	removeChatVerification	POST	https://api.telegram.org/bot{token}/removeChatVerification	https://core.telegram.org/bots/api#removechatverification
telegram	removeMyProfilePhoto	POST	https://api.telegram.org/bot{token}/removeMyProfilePhoto	https://core.telegram.org/bots/api#removemyprofilephoto
telegram	removeUserVerification	POST	https://api.telegram.org/bot{token}/removeUserVerification	https://core.telegram.org/bots/api#removeuserverification
telegram	reopenForumTopic	POST	https://api.telegram.org/bot{token}/reopenForumTopic	https://core.telegram.org/bots/api#reopenforumtopic
telegram	reopenGeneralForumTopic	POST	https://api.telegram.org/bot{token}/reopenGeneralForumTopic	https://core.telegram.org/bots/api#reopengeneralforumtopic
telegram	replaceManagedBotToken	POST	https://api.telegram.org/bot{token}/replaceManagedBotToken	https://core.telegram.org/bots/api#replacemanagedbottoken
telegram	replaceStickerInSet	POST	https://api.telegram.org/bot{token}/replaceStickerInSet	https://core.telegram.org/bots/api#replacestickerinset
telegram	repostStory	POST	https://api.telegram.org/bot{token}/repostStory	https://core.telegram.org/bots/api#repoststory
telegram	restrictChatMember	POST	https://api.telegram.org/bot{token}/restrictChatMember	https://core.telegram.org/bots/api#restrictchatmember
telegram	revokeChatInviteLink	POST	https://api.telegram.org/bot{token}/revokeChatInviteLink	https://core.telegram.org/bots/api#revokechatinvitelink
telegram	savePreparedInlineMessage	POST	https://api.telegram.org/bot{token}/savePreparedInlineMessage	https://core.telegram.org/bots/api#savepreparedinlinemessage
telegram	savePreparedKeyboardButton	POST	https://api.telegram.org/bot{token}/savePreparedKeyboardButton	https://core.telegram.org/bots/api#savepreparedkeyboardbutton
telegram	sendAnimation	POST	https://api.telegram.org/bot{token}/sendAnimation	https://core.telegram.org/bots/api#sendanimation
telegram	sendAudio	POST	https://api.telegram.org/bot{token}/sendAudio	https://core.telegram.org/bots/api#sendaudio
telegram	sendChatAction	POST	https://api.telegram.org/bot{token}/sendChatAction	https://core.telegram.org/bots/api#sendchataction
telegram	sendChatJoinRequestWebApp	POST	https://api.telegram.org/bot{token}/sendChatJoinRequestWebApp	https://core.telegram.org/bots/api#sendchatjoinrequestwebapp
telegram	sendChecklist	POST	https://api.telegram.org/bot{token}/sendChecklist	https://core.telegram.org/bots/api#sendchecklist
telegram	sendContact	POST	https://api.telegram.org/bot{token}/sendContact	https://core.telegram.org/bots/api#sendcontact
telegram	sendDice	POST	https://api.telegram.org/bot{token}/sendDice	https://core.telegram.org/bots/api#senddice
telegram	sendDocument	POST	https://api.telegram.org/bot{token}/sendDocument	https://core.telegram.org/bots/api#senddocument
telegram	sendGame	POST	https://api.telegram.org/bot{token}/sendGame	https://core.telegram.org/bots/api#sendgame
telegram	sendGift	POST	https://api.telegram.org/bot{token}/sendGift	https://core.telegram.org/bots/api#sendgift
telegram	sendInvoice	POST	https://api.telegram.org/bot{token}/sendInvoice	https://core.telegram.org/bots/api#sendinvoice
telegram	sendLivePhoto	POST	https://api.telegram.org/bot{token}/sendLivePhoto	https://core.telegram.org/bots/api#sendlivephoto
telegram	sendLocation	POST	https://api.telegram.org/bot{token}/sendLocation	https://core.telegram.org/bots/api#sendlocation
telegram	sendMediaGroup	POST	https://api.telegram.org/bot{token}/sendMediaGroup	https://core.telegram.org/bots/api#sendmediagroup
telegram	sendMessage	POST	https://api.telegram.org/bot{token}/sendMessage	https://core.telegram.org/bots/api#sendmessage
telegram	sendMessageDraft	POST	https://api.telegram.org/bot{token}/sendMessageDraft	https://core.telegram.org/bots/api#sendmessagedraft
telegram	sendPaidMedia	POST	https://api.telegram.org/bot{token}/sendPaidMedia	https://core.telegram.org/bots/api#sendpaidmedia
telegram	sendPhoto	POST	https://api.telegram.org/bot{token}/sendPhoto	https://core.telegram.org/bots/api#sendphoto
telegram	sendPoll	POST	https://api.telegram.org/bot{token}/sendPoll	https://core.telegram.org/bots/api#sendpoll
telegram	sendRichMessage	POST	https://api.telegram.org/bot{token}/sendRichMessage	https://core.telegram.org/bots/api#sendrichmessage
telegram	sendRichMessageDraft	POST	https://api.telegram.org/bot{token}/sendRichMessageDraft	https://core.telegram.org/bots/api#sendrichmessagedraft
telegram	sendSticker	POST	https://api.telegram.org/bot{token}/sendSticker	https://core.telegram.org/bots/api#sendsticker
telegram	sendVenue	POST	https://api.telegram.org/bot{token}/sendVenue	https://core.telegram.org/bots/api#sendvenue
telegram	sendVideo	POST	https://api.telegram.org/bot{token}/sendVideo	https://core.telegram.org/bots/api#sendvideo
telegram	sendVideoNote	POST	https://api.telegram.org/bot{token}/sendVideoNote	https://core.telegram.org/bots/api#sendvideonote
telegram	sendVoice	POST	https://api.telegram.org/bot{token}/sendVoice	https://core.telegram.org/bots/api#sendvoice
telegram	setBusinessAccountBio	POST	https://api.telegram.org/bot{token}/setBusinessAccountBio	https://core.telegram.org/bots/api#setbusinessaccountbio
telegram	setBusinessAccountGiftSettings	POST	https://api.telegram.org/bot{token}/setBusinessAccountGiftSettings	https://core.telegram.org/bots/api#setbusinessaccountgiftsettings
telegram	setBusinessAccountName	POST	https://api.telegram.org/bot{token}/setBusinessAccountName	https://core.telegram.org/bots/api#setbusinessaccountname
telegram	setBusinessAccountProfilePhoto	POST	https://api.telegram.org/bot{token}/setBusinessAccountProfilePhoto	https://core.telegram.org/bots/api#setbusinessaccountprofilephoto
telegram	setBusinessAccountUsername	POST	https://api.telegram.org/bot{token}/setBusinessAccountUsername	https://core.telegram.org/bots/api#setbusinessaccountusername
telegram	setChatAdministratorCustomTitle	POST	https://api.telegram.org/bot{token}/setChatAdministratorCustomTitle	https://core.telegram.org/bots/api#setchatadministratorcustomtitle
telegram	setChatDescription	POST	https://api.telegram.org/bot{token}/setChatDescription	https://core.telegram.org/bots/api#setchatdescription
telegram	setChatMemberTag	POST	https://api.telegram.org/bot{token}/setChatMemberTag	https://core.telegram.org/bots/api#setchatmembertag
telegram	setChatMenuButton	POST	https://api.telegram.org/bot{token}/setChatMenuButton	https://core.telegram.org/bots/api#setchatmenubutton
telegram	setChatPermissions	POST	https://api.telegram.org/bot{token}/setChatPermissions	https://core.telegram.org/bots/api#setchatpermissions
telegram	setChatPhoto	POST	https://api.telegram.org/bot{token}/setChatPhoto	https://core.telegram.org/bots/api#setchatphoto
telegram	setChatStickerSet	POST	https://api.telegram.org/bot{token}/setChatStickerSet	https://core.telegram.org/bots/api#setchatstickerset
telegram	setChatTitle	POST	https://api.telegram.org/bot{token}/setChatTitle	https://core.telegram.org/bots/api#setchattitle
telegram	setCustomEmojiStickerSetThumbnail	POST	https://api.telegram.org/bot{token}/setCustomEmojiStickerSetThumbnail	https://core.telegram.org/bots/api#setcustomemojistickersetthumbnail
telegram	setGameScore	POST	https://api.telegram.org/bot{token}/setGameScore	https://core.telegram.org/bots/api#setgamescore
telegram	setManagedBotAccessSettings	POST	https://api.telegram.org/bot{token}/setManagedBotAccessSettings	https://core.telegram.org/bots/api#setmanagedbotaccesssettings
telegram	setMessageReaction	POST	https://api.telegram.org/bot{token}/setMessageReaction	https://core.telegram.org/bots/api#setmessagereaction
telegram	setMyCommands	POST	https://api.telegram.org/bot{token}/setMyCommands	https://core.telegram.org/bots/api#setmycommands
telegram	setMyDefaultAdministratorRights	POST	https://api.telegram.org/bot{token}/setMyDefaultAdministratorRights	https://core.telegram.org/bots/api#setmydefaultadministratorrights
telegram	setMyDescription	POST	https://api.telegram.org/bot{token}/setMyDescription	https://core.telegram.org/bots/api#setmydescription
telegram	setMyName	POST	https://api.telegram.org/bot{token}/setMyName	https://core.telegram.org/bots/api#setmyname
telegram	setMyProfilePhoto	POST	https://api.telegram.org/bot{token}/setMyProfilePhoto	https://core.telegram.org/bots/api#setmyprofilephoto
telegram	setMyShortDescription	POST	https://api.telegram.org/bot{token}/setMyShortDescription	https://core.telegram.org/bots/api#setmyshortdescription
telegram	setPassportDataErrors	POST	https://api.telegram.org/bot{token}/setPassportDataErrors	https://core.telegram.org/bots/api#setpassportdataerrors
telegram	setStickerEmojiList	POST	https://api.telegram.org/bot{token}/setStickerEmojiList	https://core.telegram.org/bots/api#setstickeremojilist
telegram	setStickerKeywords	POST	https://api.telegram.org/bot{token}/setStickerKeywords	https://core.telegram.org/bots/api#setstickerkeywords
telegram	setStickerMaskPosition	POST	https://api.telegram.org/bot{token}/setStickerMaskPosition	https://core.telegram.org/bots/api#setstickermaskposition
telegram	setStickerPositionInSet	POST	https://api.telegram.org/bot{token}/setStickerPositionInSet	https://core.telegram.org/bots/api#setstickerpositioninset
telegram	setStickerSetThumbnail	POST	https://api.telegram.org/bot{token}/setStickerSetThumbnail	https://core.telegram.org/bots/api#setstickersetthumbnail
telegram	setStickerSetTitle	POST	https://api.telegram.org/bot{token}/setStickerSetTitle	https://core.telegram.org/bots/api#setstickersettitle
telegram	setUserEmojiStatus	POST	https://api.telegram.org/bot{token}/setUserEmojiStatus	https://core.telegram.org/bots/api#setuseremojistatus
telegram	setWebhook	POST	https://api.telegram.org/bot{token}/setWebhook	https://core.telegram.org/bots/api#setwebhook
telegram	stopMessageLiveLocation	POST	https://api.telegram.org/bot{token}/stopMessageLiveLocation	https://core.telegram.org/bots/api#stopmessagelivelocation
telegram	stopPoll	POST	https://api.telegram.org/bot{token}/stopPoll	https://core.telegram.org/bots/api#stoppoll
telegram	transferBusinessAccountStars	POST	https://api.telegram.org/bot{token}/transferBusinessAccountStars	https://core.telegram.org/bots/api#transferbusinessaccountstars
telegram	transferGift	POST	https://api.telegram.org/bot{token}/transferGift	https://core.telegram.org/bots/api#transfergift
telegram	unbanChatMember	POST	https://api.telegram.org/bot{token}/unbanChatMember	https://core.telegram.org/bots/api#unbanchatmember
telegram	unbanChatSenderChat	POST	https://api.telegram.org/bot{token}/unbanChatSenderChat	https://core.telegram.org/bots/api#unbanchatsenderchat
telegram	unhideGeneralForumTopic	POST	https://api.telegram.org/bot{token}/unhideGeneralForumTopic	https://core.telegram.org/bots/api#unhidegeneralforumtopic
telegram	unpinAllChatMessages	POST	https://api.telegram.org/bot{token}/unpinAllChatMessages	https://core.telegram.org/bots/api#unpinallchatmessages
telegram	unpinAllForumTopicMessages	POST	https://api.telegram.org/bot{token}/unpinAllForumTopicMessages	https://core.telegram.org/bots/api#unpinallforumtopicmessages
telegram	unpinAllGeneralForumTopicMessages	POST	https://api.telegram.org/bot{token}/unpinAllGeneralForumTopicMessages	https://core.telegram.org/bots/api#unpinallgeneralforumtopicmessages
telegram	unpinChatMessage	POST	https://api.telegram.org/bot{token}/unpinChatMessage	https://core.telegram.org/bots/api#unpinchatmessage
telegram	upgradeGift	POST	https://api.telegram.org/bot{token}/upgradeGift	https://core.telegram.org/bots/api#upgradegift
telegram	uploadStickerFile	POST	https://api.telegram.org/bot{token}/uploadStickerFile	https://core.telegram.org/bots/api#uploadstickerfile
telegram	verifyChat	POST	https://api.telegram.org/bot{token}/verifyChat	https://core.telegram.org/bots/api#verifychat
telegram	verifyUser	POST	https://api.telegram.org/bot{token}/verifyUser	https://core.telegram.org/bots/api#verifyuser
thesportsdb	v1.allCountries	GET	https://www.thesportsdb.com/api/v1/json/{apiKey}/all_countries.php	https://thedatadb.readme.io/reference/getallcountries
thesportsdb	v1.allLeagues	GET	https://www.thesportsdb.com/api/v1/json/{apiKey}/all_leagues.php	https://www.thesportsdb.com/docs_api_guide#v1-list
thesportsdb	v1.allSports	GET	https://www.thesportsdb.com/api/v1/json/{apiKey}/all_sports.php	https://thedatadb.readme.io/reference/getallsports
thesportsdb	v1.eventResults	GET	https://www.thesportsdb.com/api/v1/json/{apiKey}/eventresults.php{query}	https://www.thesportsdb.com/docs_api_guide#v1-lookup
thesportsdb	v1.lookupEvent	GET	https://www.thesportsdb.com/api/v1/json/{apiKey}/lookupevent.php{query}	https://www.thesportsdb.com/docs_api_guide#v1-lookup
thesportsdb	v1.lookupEventStats	GET	https://www.thesportsdb.com/api/v1/json/{apiKey}/lookupeventstats.php{query}	https://www.thesportsdb.com/docs_api_guide#v1-lookup
thesportsdb	v1.lookup.equipment	GET	https://www.thesportsdb.com/api/v1/json/{apiKey}/lookupequipment.php{query}	https://www.thesportsdb.com/docs_api_guide
thesportsdb	v1.lookup.league	GET	https://www.thesportsdb.com/api/v1/json/{apiKey}/lookupleague.php{query}	https://www.thesportsdb.com/docs_api_guide
thesportsdb	v1.lookup.table	GET	https://www.thesportsdb.com/api/v1/json/{apiKey}/lookuptable.php{query}	https://www.thesportsdb.com/docs_api_guide
thesportsdb	v1.lookup.team	GET	https://www.thesportsdb.com/api/v1/json/{apiKey}/lookupteam.php{query}	https://www.thesportsdb.com/docs_api_guide
thesportsdb	v1.lookup.venue	GET	https://www.thesportsdb.com/api/v1/json/{apiKey}/lookupvenue.php{query}	https://www.thesportsdb.com/docs_api_guide
thesportsdb	v1.eventsday	GET	https://www.thesportsdb.com/api/v1/json/{apiKey}/eventsday.php{query}	https://www.thesportsdb.com/docs_api_guide#v1-schedule
thesportsdb	v1.eventshighlights	GET	https://www.thesportsdb.com/api/v1/json/{apiKey}/eventshighlights.php{query}	https://www.thesportsdb.com/docs_api_guide#v1-video
thesportsdb	v1.eventslast	GET	https://www.thesportsdb.com/api/v1/json/{apiKey}/eventslast.php{query}	https://www.thesportsdb.com/docs_api_guide#v1-schedule
thesportsdb	v1.eventsnext	GET	https://www.thesportsdb.com/api/v1/json/{apiKey}/eventsnext.php{query}	https://www.thesportsdb.com/docs_api_guide#v1-schedule
thesportsdb	v1.eventsnextleague	GET	https://www.thesportsdb.com/api/v1/json/{apiKey}/eventsnextleague.php{query}	https://www.thesportsdb.com/docs_api_guide#v1-schedule
thesportsdb	v1.eventspastleague	GET	https://www.thesportsdb.com/api/v1/json/{apiKey}/eventspastleague.php{query}	https://www.thesportsdb.com/docs_api_guide#v1-schedule
thesportsdb	v1.eventsseason	GET	https://www.thesportsdb.com/api/v1/json/{apiKey}/eventsseason.php{query}	https://www.thesportsdb.com/docs_api_guide#v1-schedule
thesportsdb	v1.eventstv	GET	https://www.thesportsdb.com/api/v1/json/{apiKey}/eventstv.php{query}	https://www.thesportsdb.com/docs_api_guide#v1-schedule
thesportsdb	v1.lookupAllPlayers	GET	https://www.thesportsdb.com/api/v1/json/{apiKey}/lookup_all_players.php{query}	https://www.thesportsdb.com/docs_api_guide#v1-list
thesportsdb	v1.lookupLineup	GET	https://www.thesportsdb.com/api/v1/json/{apiKey}/lookuplineup.php{query}	https://www.thesportsdb.com/docs_api_guide#v1-lookup
thesportsdb	v1.lookupTimeline	GET	https://www.thesportsdb.com/api/v1/json/{apiKey}/lookuptimeline.php{query}	https://www.thesportsdb.com/docs_api_guide#v1-lookup
thesportsdb	v1.lookupTv	GET	https://www.thesportsdb.com/api/v1/json/{apiKey}/lookuptv.php{query}	https://www.thesportsdb.com/docs_api_guide#v1-lookup
thesportsdb	v1.searchAllLeagues	GET	https://www.thesportsdb.com/api/v1/json/{apiKey}/search_all_leagues.php{query}	https://www.thesportsdb.com/docs_api_guide#v1-list
thesportsdb	v1.searchAllSeasons	GET	https://www.thesportsdb.com/api/v1/json/{apiKey}/search_all_seasons.php{query}	https://www.thesportsdb.com/docs_api_guide#v1-list
thesportsdb	v1.searchAllTeams	GET	https://www.thesportsdb.com/api/v1/json/{apiKey}/search_all_teams.php{query}	https://www.thesportsdb.com/docs_api_guide#v1-list
thesportsdb	v1.searchEvents	GET	https://www.thesportsdb.com/api/v1/json/{apiKey}/searchevents.php{query}	https://www.thesportsdb.com/docs_api_guide#v1-search
thesportsdb	v1.searchFilename	GET	https://www.thesportsdb.com/api/v1/json/{apiKey}/searchfilename.php{query}	https://www.thesportsdb.com/docs_api_guide#v1-search
thesportsdb	v1.searchPlayers	GET	https://www.thesportsdb.com/api/v1/json/{apiKey}/searchplayers.php{query}	https://thedatadb.readme.io/reference/getplayerbyname
thesportsdb	v1.searchTeams	GET	https://www.thesportsdb.com/api/v1/json/{apiKey}/searchteams.php{query}	https://thedatadb.readme.io/reference/getteambyname
thesportsdb	v1.searchVenues	GET	https://www.thesportsdb.com/api/v1/json/{apiKey}/searchvenues.php{query}	https://thedatadb.readme.io/reference/getvenuebyname
thesportsdb	v2.all.countries	GET	https://www.thesportsdb.com/api/v2/json/all/countries	https://www.thesportsdb.com/docs_api_guide#v2-all
thesportsdb	v2.all.leagues	GET	https://www.thesportsdb.com/api/v2/json/all/leagues	https://www.thesportsdb.com/docs_api_guide#v2-all
thesportsdb	v2.all.sports	GET	https://www.thesportsdb.com/api/v2/json/all/sports	https://www.thesportsdb.com/docs_api_guide#v2-all
thesportsdb	v2.filter.tv.channel	GET	https://www.thesportsdb.com/api/v2/json/filter/tv/channel/{channel}	https://www.thesportsdb.com/docs_api_guide#v2-filter
thesportsdb	v2.filter.tv.channelid	GET	https://www.thesportsdb.com/api/v2/json/filter/tv/channelid/{idChannel}	https://www.thesportsdb.com/docs_api_guide#v2-filter
thesportsdb	v2.filter.tv.country	GET	https://www.thesportsdb.com/api/v2/json/filter/tv/country/{country}	https://www.thesportsdb.com/docs_api_guide#v2-filter
thesportsdb	v2.filter.tv.day	GET	https://www.thesportsdb.com/api/v2/json/filter/tv/day/{date}	https://www.thesportsdb.com/docs_api_guide#v2-filter
thesportsdb	v2.filter.tv.sport	GET	https://www.thesportsdb.com/api/v2/json/filter/tv/sport/{sport}	https://www.thesportsdb.com/docs_api_guide#v2-filter
thesportsdb	v2.list.players	GET	https://www.thesportsdb.com/api/v2/json/list/players/{idTeam}	https://www.thesportsdb.com/docs_api_guide#v2-list
thesportsdb	v2.list.seasonposters	GET	https://www.thesportsdb.com/api/v2/json/list/seasonposters/{idLeague}	https://www.thesportsdb.com/docs_api_guide#v2-list
thesportsdb	v2.list.seasons	GET	https://www.thesportsdb.com/api/v2/json/list/seasons/{idLeague}	https://www.thesportsdb.com/docs_api_guide#v2-list
thesportsdb	v2.list.teams	GET	https://www.thesportsdb.com/api/v2/json/list/teams/{idLeague}	https://www.thesportsdb.com/docs_api_guide#v2-list
thesportsdb	v2.livescore.all	GET	https://www.thesportsdb.com/api/v2/json/livescore/all	https://www.thesportsdb.com/docs_api_guide#v2-livescores
thesportsdb	v2.livescore.byLeague	GET	https://www.thesportsdb.com/api/v2/json/livescore/{leagueId}	https://www.thesportsdb.com/docs_api_guide#v2-livescores
thesportsdb	v2.livescore.bySport	GET	https://www.thesportsdb.com/api/v2/json/livescore/{sport}	https://www.thesportsdb.com/docs_api_guide#v2-livescores
thesportsdb	v2.lookup.event	GET	https://www.thesportsdb.com/api/v2/json/lookup/event/{idEvent}	https://www.thesportsdb.com/docs_api_guide#v2-lookup
thesportsdb	v2.lookup.eventHighlights	GET	https://www.thesportsdb.com/api/v2/json/lookup/event_highlights/{idEvent}	https://www.thesportsdb.com/docs_api_guide#v2-lookup
thesportsdb	v2.lookup.eventLineup	GET	https://www.thesportsdb.com/api/v2/json/lookup/event_lineup/{idEvent}	https://www.thesportsdb.com/docs_api_guide#v2-lookup
thesportsdb	v2.lookup.eventResults	GET	https://www.thesportsdb.com/api/v2/json/lookup/event_results/{idEvent}	https://www.thesportsdb.com/docs_api_guide#v2-lookup
thesportsdb	v2.lookup.eventStats	GET	https://www.thesportsdb.com/api/v2/json/lookup/event_stats/{idEvent}	https://www.thesportsdb.com/docs_api_guide#v2-lookup
thesportsdb	v2.lookup.eventTimeline	GET	https://www.thesportsdb.com/api/v2/json/lookup/event_timeline/{idEvent}	https://www.thesportsdb.com/docs_api_guide#v2-lookup
thesportsdb	v2.lookup.eventTv	GET	https://www.thesportsdb.com/api/v2/json/lookup/event_tv/{idEvent}	https://www.thesportsdb.com/docs_api_guide#v2-lookup
thesportsdb	v2.lookup.league	GET	https://www.thesportsdb.com/api/v2/json/lookup/league/{idLeague}	https://www.thesportsdb.com/docs_api_guide#v2-lookup
thesportsdb	v2.lookup.player	GET	https://www.thesportsdb.com/api/v2/json/lookup/player/{idPlayer}	https://www.thesportsdb.com/docs_api_guide#v2-lookup
thesportsdb	v2.lookup.playerContracts	GET	https://www.thesportsdb.com/api/v2/json/lookup/player_contracts/{idPlayer}	https://www.thesportsdb.com/docs_api_guide#v2-lookup
thesportsdb	v2.lookup.playerHonours	GET	https://www.thesportsdb.com/api/v2/json/lookup/player_honours/{idPlayer}	https://www.thesportsdb.com/docs_api_guide#v2-lookup
thesportsdb	v2.lookup.playerMilestones	GET	https://www.thesportsdb.com/api/v2/json/lookup/player_milestones/{idPlayer}	https://www.thesportsdb.com/docs_api_guide#v2-lookup
thesportsdb	v2.lookup.playerResults	GET	https://www.thesportsdb.com/api/v2/json/lookup/player_results/{idPlayer}	https://www.thesportsdb.com/docs_api_guide#v2-lookup
thesportsdb	v2.lookup.playerStats	GET	https://www.thesportsdb.com/api/v2/json/lookup/player_stats/{idPlayer}	https://www.thesportsdb.com/docs_api_guide#v2-lookup
thesportsdb	v2.lookup.playerTeams	GET	https://www.thesportsdb.com/api/v2/json/lookup/player_teams/{idPlayer}	https://www.thesportsdb.com/docs_api_guide#v2-lookup
thesportsdb	v2.lookup.team	GET	https://www.thesportsdb.com/api/v2/json/lookup/team/{idTeam}	https://www.thesportsdb.com/docs_api_guide#v2-lookup
thesportsdb	v2.lookup.teamEquipment	GET	https://www.thesportsdb.com/api/v2/json/lookup/team_equipment/{idTeam}	https://www.thesportsdb.com/docs_api_guide#v2-lookup
thesportsdb	v2.lookup.venue	GET	https://www.thesportsdb.com/api/v2/json/lookup/venue/{idVenue}	https://www.thesportsdb.com/docs_api_guide#v2-lookup
thesportsdb	v2.schedule.full.team	GET	https://www.thesportsdb.com/api/v2/json/schedule/full/team/{idTeam}	https://www.thesportsdb.com/docs_api_guide#v2-schedule
thesportsdb	v2.schedule.league	GET	https://www.thesportsdb.com/api/v2/json/schedule/league/{idLeague}/{season}	https://www.thesportsdb.com/docs_api_guide#v2-schedule
thesportsdb	v2.schedule.next.league	GET	https://www.thesportsdb.com/api/v2/json/schedule/next/league/{idLeague}	https://www.thesportsdb.com/docs_api_guide#v2-schedule
thesportsdb	v2.schedule.next.team	GET	https://www.thesportsdb.com/api/v2/json/schedule/next/team/{idTeam}	https://www.thesportsdb.com/docs_api_guide#v2-schedule
thesportsdb	v2.schedule.next.venue	GET	https://www.thesportsdb.com/api/v2/json/schedule/next/venue/{idVenue}	https://www.thesportsdb.com/docs_api_guide#v2-schedule
thesportsdb	v2.schedule.previous.league	GET	https://www.thesportsdb.com/api/v2/json/schedule/previous/league/{idLeague}	https://www.thesportsdb.com/docs_api_guide#v2-schedule
thesportsdb	v2.schedule.previous.team	GET	https://www.thesportsdb.com/api/v2/json/schedule/previous/team/{idTeam}	https://www.thesportsdb.com/docs_api_guide#v2-schedule
thesportsdb	v2.schedule.previous.venue	GET	https://www.thesportsdb.com/api/v2/json/schedule/previous/venue/{idVenue}	https://www.thesportsdb.com/docs_api_guide#v2-schedule
thesportsdb	v2.search.event	GET	https://www.thesportsdb.com/api/v2/json/search/event/{eventName}	https://www.thesportsdb.com/docs_api_guide#v2-search
thesportsdb	v2.search.league	GET	https://www.thesportsdb.com/api/v2/json/search/league/{leagueName}	https://www.thesportsdb.com/docs_api_guide#v2-search
thesportsdb	v2.search.player	GET	https://www.thesportsdb.com/api/v2/json/search/player/{playerName}	https://www.thesportsdb.com/docs_api_guide#v2-search
thesportsdb	v2.search.team	GET	https://www.thesportsdb.com/api/v2/json/search/team/{teamName}	https://www.thesportsdb.com/docs_api_guide#v2-search
thesportsdb	v2.search.venue	GET	https://www.thesportsdb.com/api/v2/json/search/venue/{venueName}	https://www.thesportsdb.com/docs_api_guide#v2-search
x	v2.media.upload	GET	https://api.x.com/2/media/upload{query}	https://docs.x.com/x-api/media/get-media-upload-status
x	v2.media.upload.append	POST	https://api.x.com/2/media/upload/{id}/append	https://docs.x.com/x-api/media/append-media-upload
x	v2.media.upload.finalize	POST	https://api.x.com/2/media/upload/{id}/finalize	https://docs.x.com/x-api/media/finalize-media-upload
x	v2.media.upload.initialize	POST	https://api.x.com/2/media/upload/initialize	https://docs.x.com/x-api/media/media-upload-initialize
x	v2.users.me	GET	https://api.x.com/2/users/me{query}	https://docs.x.com/x-api/users/get-my-user
x	v2.tweets	POST	https://api.x.com/2/tweets	https://docs.x.com/x-api/posts/create-post
xai	managementApi.auth.teams.apiKeys	GET	https://management-api.x.ai/auth/teams/{teamId}/api-keys{query}	https://docs.x.ai/developers/rest-api-reference/management/auth
xai	v1.apiKey	GET	https://api.x.ai/v1/api-key	https://docs.x.ai/developers/rest-api-reference/inference/other
xai	v1.batches	GET	https://api.x.ai/v1/batches/{paramsOrIdOrSignal}	https://docs.x.ai/docs/api-reference
xai	v1.batches	POST	https://api.x.ai/v1/batches	https://docs.x.ai/docs/api-reference
xai	v1.batches.cancel	POST	https://api.x.ai/v1/batches/{batchId}:cancel	https://docs.x.ai/docs/api-reference
xai	v1.batches.requests	GET	https://api.x.ai/v1/batches/{batchId}/requests{query}	https://docs.x.ai/docs/api-reference
xai	v1.batches.requests	POST	https://api.x.ai/v1/batches/{batchId}/requests	https://docs.x.ai/docs/api-reference
xai	v1.batches.results	GET	https://api.x.ai/v1/batches/{batchId}/results{query}	https://docs.x.ai/docs/api-reference
xai	managementApi.v1.billing.teams.postpaid.invoice.preview	GET	https://management-api.x.ai/v1/billing/teams/{teamId}/postpaid/invoice/preview	https://docs.x.ai/developers/rest-api-reference/management/billing
xai	managementApi.v1.billing.teams.postpaid.spendingLimits	GET	https://management-api.x.ai/v1/billing/teams/{teamId}/postpaid/spending-limits	https://docs.x.ai/developers/rest-api-reference/management/billing
xai	managementApi.v1.billing.teams.prepaid.balance	GET	https://management-api.x.ai/v1/billing/teams/{teamId}/prepaid/balance	https://docs.x.ai/developers/rest-api-reference/management/billing
xai	managementApi.v1.billing.teams.usage	POST	https://management-api.x.ai/v1/billing/teams/{teamId}/usage	https://docs.x.ai/developers/rest-api-reference/management/billing
xai	v1.chat.completions	POST	https://api.x.ai/v1/chat/completions	https://docs.x.ai/docs/api-reference
xai	v1.chat.deferredCompletion	GET	https://api.x.ai/v1/chat/deferred-completion/{requestId}	https://docs.x.ai/docs/api-reference
xai	managementApi.v1.collections	DELETE	https://management-api.x.ai/v1/collections/{collectionId}	https://docs.x.ai/docs/api-reference
xai	managementApi.v1.collections	GET	https://management-api.x.ai/v1/collections/{paramsOrIdOrSignal}	https://docs.x.ai/docs/api-reference
xai	managementApi.v1.collections	POST	https://management-api.x.ai/v1/collections	https://docs.x.ai/docs/api-reference
xai	managementApi.v1.collections	PUT	https://management-api.x.ai/v1/collections/{collectionId}	https://docs.x.ai/docs/api-reference
xai	managementApi.v1.collections.documents	DELETE	https://management-api.x.ai/v1/collections/{collectionId}/documents/{fileId}	https://docs.x.ai/docs/api-reference
xai	managementApi.v1.collections.documents	GET	https://management-api.x.ai/v1/collections/{collectionId}/documents/{paramsOrFileId}	https://docs.x.ai/docs/api-reference
xai	managementApi.v1.collections.documents	PATCH	https://management-api.x.ai/v1/collections/{collectionId}/documents/{fileId}	https://docs.x.ai/docs/api-reference
xai	managementApi.v1.collections.documents	POST	https://management-api.x.ai/v1/collections/{collectionId}/documents/{fileId}	https://docs.x.ai/docs/api-reference
xai	managementApi.v1.collections.documents.batchGet	GET	https://management-api.x.ai/v1/collections/{collectionId}/documents:batchGet{query}	https://docs.x.ai/docs/api-reference
xai	v1.customVoices	POST	https://api.x.ai/v1/custom-voices	https://docs.x.ai/docs/api-reference
xai	v1.documents.search	POST	https://api.x.ai/v1/documents/search	https://docs.x.ai/docs/api-reference
xai	v1.files	DELETE	https://api.x.ai/v1/files/{fileId}	https://docs.x.ai/docs/api-reference
xai	v1.files	GET	https://api.x.ai/v1/files/{fileIdOrSignal}	https://docs.x.ai/docs/api-reference
xai	v1.files	POST	https://api.x.ai/v1/files	https://docs.x.ai/docs/api-reference
xai	v1.files.content	GET	https://api.x.ai/v1/files/{fileId}/content	https://docs.x.ai/docs/api-reference
xai	v1.imageGenerationModels	GET	https://api.x.ai/v1/image-generation-models/{modelIdOrSignal}	https://docs.x.ai/docs/api-reference
xai	v1.images.edits	POST	https://api.x.ai/v1/images/edits	https://docs.x.ai/developers/rest-api-reference/inference/images
xai	v1.images.generations	POST	https://api.x.ai/v1/images/generations	https://docs.x.ai/developers/rest-api-reference/inference/images
xai	v1.languageModels	GET	https://api.x.ai/v1/language-models/{modelIdOrSignal}	https://docs.x.ai/docs/api-reference
xai	v1.models	GET	https://api.x.ai/v1/models/{modelIdOrSignal}	https://docs.x.ai/docs/api-reference
xai	v1.realtime.clientSecrets	POST	https://api.x.ai/v1/realtime/client_secrets	https://docs.x.ai/docs/api-reference
xai	v1.responses	DELETE	https://api.x.ai/v1/responses/{id}	https://docs.x.ai/docs/api-reference
xai	v1.responses	GET	https://api.x.ai/v1/responses/{id}	https://docs.x.ai/docs/api-reference
xai	v1.responses	POST	https://api.x.ai/v1/responses	https://docs.x.ai/docs/api-reference
xai	v1.responses.compact	POST	https://api.x.ai/v1/responses/compact	https://docs.x.ai/docs/api-reference
xai	v1.stt	POST	https://api.x.ai/v1/stt	https://docs.x.ai/docs/api-reference
xai	v1.tokenizeText	POST	https://api.x.ai/v1/tokenize-text	https://docs.x.ai/docs/api-reference
xai	v1.tts	POST	https://api.x.ai/v1/tts	https://docs.x.ai/docs/api-reference
xai	v1.videoGenerationModels	GET	https://api.x.ai/v1/video-generation-models/{modelIdOrSignal}	https://docs.x.ai/docs/api-reference
xai	v1.videos	GET	https://api.x.ai/v1/videos/{requestId}	https://docs.x.ai/docs/api-reference
xai	v1.videos.edits	POST	https://api.x.ai/v1/videos/edits	https://docs.x.ai/docs/api-reference
xai	v1.videos.extensions	POST	https://api.x.ai/v1/videos/extensions	https://docs.x.ai/docs/api-reference
xai	v1.videos.generations	POST	https://api.x.ai/v1/videos/generations	https://docs.x.ai/docs/api-reference
xai	v1.videos.generations.imageToVideo	POST	https://api.x.ai/v1/videos/generations	https://docs.x.ai/developers/model-capabilities/video/image-to-video
openligadb	getavailablesports	GET	https://api.openligadb.de/getavailablesports	https://api.openligadb.de/swagger/v1/swagger.json
openligadb	getavailableleagues	GET	https://api.openligadb.de/getavailableleagues	https://api.openligadb.de/swagger/v1/swagger.json
openligadb	getavailableleagues.bySeason	GET	https://api.openligadb.de/getavailableleagues/{season}	https://api.openligadb.de/swagger/v1/swagger.json
openligadb	getavailablegroups	GET	https://api.openligadb.de/getavailablegroups/{leagueShortcut}/{leagueSeason}	https://api.openligadb.de/swagger/v1/swagger.json
openligadb	getcurrentgroup	GET	https://api.openligadb.de/getcurrentgroup/{leagueShortcut}	https://api.openligadb.de/swagger/v1/swagger.json
openligadb	getlastchangedate	GET	https://api.openligadb.de/getlastchangedate/{leagueShortcut}/{leagueSeason}/{groupOrderId}	https://api.openligadb.de/swagger/v1/swagger.json
openligadb	getresultinfos	GET	https://api.openligadb.de/getresultinfos/{leagueId}	https://api.openligadb.de/swagger/v1/swagger.json
openligadb	getavailableteams	GET	https://api.openligadb.de/getavailableteams/{leagueShortcut}/{leagueSeason}	https://api.openligadb.de/swagger/v1/swagger.json
openligadb	getbltable	GET	https://api.openligadb.de/getbltable/{leagueShortcut}/{leagueSeason}	https://api.openligadb.de/swagger/v1/swagger.json
openligadb	getgoalgetters	GET	https://api.openligadb.de/getgoalgetters/{leagueShortcut}/{leagueSeason}	https://api.openligadb.de/swagger/v1/swagger.json
openligadb	getgrouptable	GET	https://api.openligadb.de/getgrouptable/{leagueShortcut}/{leagueSeason}	https://api.openligadb.de/swagger/v1/swagger.json
openligadb	swagger.v1.swaggerJson	GET	https://api.openligadb.de/swagger/v1/swagger.json	https://api.openligadb.de/swagger/v1/swagger.json
openligadb	getmatchdata.byId	GET	https://api.openligadb.de/getmatchdata/{matchId}	https://api.openligadb.de/swagger/index.html
openligadb	getmatchdata.byLeagueSeason	GET	https://api.openligadb.de/getmatchdata/{leagueShortcut}/{leagueSeason}	https://api.openligadb.de/swagger/index.html
openligadb	getmatchdata.byLeagueSeasonGroup	GET	https://api.openligadb.de/getmatchdata/{leagueShortcut}/{leagueSeason}/{groupOrderId}	https://api.openligadb.de/swagger/index.html
openligadb	getmatchdata.byLeagueSeasonTeam	GET	https://api.openligadb.de/getmatchdata/{leagueShortcut}/{leagueSeason}/{teamFilterstring}	https://api.openligadb.de/swagger/index.html
openligadb	getmatchdata.byTeams	GET	https://api.openligadb.de/getmatchdata/{teamId1}/{teamId2}	https://api.openligadb.de/swagger/index.html
openligadb	getnextmatchbyleagueteam	GET	https://api.openligadb.de/getnextmatchbyleagueteam/{leagueId}/{teamId}	https://api.openligadb.de/swagger/v1/swagger.json
openligadb	getnextmatchbyleagueshortcut	GET	https://api.openligadb.de/getnextmatchbyleagueshortcut/{leagueShortcut}	https://api.openligadb.de/swagger/v1/swagger.json
openligadb	getlastmatchbyleagueshortcut	GET	https://api.openligadb.de/getlastmatchbyleagueshortcut/{leagueShortcut}	https://api.openligadb.de/swagger/v1/swagger.json
openligadb	getlastmatchbyleagueteam	GET	https://api.openligadb.de/getlastmatchbyleagueteam/{leagueId}/{teamId}	https://api.openligadb.de/swagger/v1/swagger.json
openligadb	getmatchesbyteam	GET	https://api.openligadb.de/getmatchesbyteam/{teamFilterstring}/{weekCountPast}/{weekCountFuture}	https://api.openligadb.de/swagger/v1/swagger.json
openligadb	getmatchesbyteamid	GET	https://api.openligadb.de/getmatchesbyteamid/{teamId}/{weekCountPast}/{weekCountFuture}	https://api.openligadb.de/swagger/v1/swagger.json
openf1	v1.carData	GET	https://api.openf1.org/v1/car_data{query}	https://openf1.org/docs/#car-data
openf1	v1.intervals	GET	https://api.openf1.org/v1/intervals{query}	https://openf1.org/docs/#intervals
openf1	v1.drivers	GET	https://api.openf1.org/v1/drivers{query}	https://openf1.org/docs/#drivers
openf1	v1.meetings	GET	https://api.openf1.org/v1/meetings{query}	https://openf1.org/docs/#meetings
openf1	v1.championshipDrivers	GET	https://api.openf1.org/v1/championship_drivers{query}	https://openf1.org/docs/#drivers-championship-beta
openf1	v1.championshipTeams	GET	https://api.openf1.org/v1/championship_teams{query}	https://openf1.org/docs/#teams-championship-beta
openf1	v1.laps	GET	https://api.openf1.org/v1/laps{query}	https://openf1.org/docs/#laps
openf1	v1.location	GET	https://api.openf1.org/v1/location{query}	https://openf1.org/docs/#location
openf1	v1.overtakes	GET	https://api.openf1.org/v1/overtakes{query}	https://openf1.org/docs/#overtakes
openf1	v1.position	GET	https://api.openf1.org/v1/position{query}	https://openf1.org/docs/#position
openf1	v1.pit	GET	https://api.openf1.org/v1/pit{query}	https://openf1.org/docs/#pit
openf1	v1.raceControl	GET	https://api.openf1.org/v1/race_control{query}	https://openf1.org/docs/#race-control
openf1	v1.sessionResult	GET	https://api.openf1.org/v1/session_result{query}	https://openf1.org/docs/#session-result
openf1	v1.sessions	GET	https://api.openf1.org/v1/sessions{query}	https://openf1.org/docs/#sessions
openf1	v1.startingGrid	GET	https://api.openf1.org/v1/starting_grid{query}	https://openf1.org/docs/#starting-grid
openf1	v1.stints	GET	https://api.openf1.org/v1/stints{query}	https://openf1.org/docs/#stints
openf1	v1.teamRadio	GET	https://api.openf1.org/v1/team_radio{query}	https://openf1.org/docs/#team-radio
openf1	v1.weather	GET	https://api.openf1.org/v1/weather{query}	https://openf1.org/docs/#weather
openf1	token	POST	https://api.openf1.org/token	https://openf1.org/auth.html
youtube	channels.list	GET	https://www.googleapis.com/youtube/v3/channels{query}	https://developers.google.com/youtube/v3/docs/channels/list
youtube	transcripts	GET	https://www.youtube.com/watch?v={videoId}
youtube	videoMetadata	?	?	https://developers.google.com/youtube/player_parameters
youtube	videos.insert	POST	https://www.googleapis.com/youtube/v3/videos{query}	https://developers.google.com/youtube/v3/docs/videos/insert
youtube	videos.list	GET	https://www.googleapis.com/youtube/v3/videos{query}	https://developers.google.com/youtube/v3/docs/videos/list
thesportsdb	v1.lookupplayer	GET	https://www.thesportsdb.com/api/v1/json/{apiKey}/lookupplayer.php?id={idPlayer}	https://thedatadb.readme.io/reference/getplayerbyid
thesportsdb	v1.lookuphonours	GET	https://www.thesportsdb.com/api/v1/json/{apiKey}/lookuphonours.php?id={idPlayer}	https://thedatadb.readme.io/reference/gethonourbyid
thesportsdb	v1.lookupformerteams	GET	https://www.thesportsdb.com/api/v1/json/{apiKey}/lookupformerteams.php?id={idPlayer}	https://thedatadb.readme.io/reference/getformerteamsbyplayerid
thesportsdb	v1.lookupmilestones	GET	https://www.thesportsdb.com/api/v1/json/{apiKey}/lookupmilestones.php?id={idPlayer}	https://thedatadb.readme.io/reference/getmilestonesbyplayerid
thesportsdb	v1.lookupcontracts	GET	https://www.thesportsdb.com/api/v1/json/{apiKey}/lookupcontracts.php?id={idPlayer}	https://thedatadb.readme.io/reference/getcontractsbyplayerid
thesportsdb	v1.playerresults	GET	https://www.thesportsdb.com/api/v1/json/{apiKey}/playerresults.php?id={idPlayer}	https://www.thesportsdb.com/docs_api_guide
thesportsdb	v1.lookupplayerstats	GET	https://www.thesportsdb.com/api/v1/json/{apiKey}/lookupplayerstats.php?id={idPlayer}	https://www.thesportsdb.com/docs_api_guide
zaicoding	api.coding.paas.v4.chat.completions	POST	https://api.z.ai/api/coding/paas/v4/chat/completions	https://docs.z.ai/api-reference/llm/chat-completion
zaicoding	api.monitor.usage.quota.limit	GET	https://api.z.ai/api/monitor/usage/quota/limit	https://docs.z.ai/api-reference/introduction
zaicoding	api.monitor.usage.modelUsage	GET	https://api.z.ai/api/monitor/usage/model-usage	https://docs.z.ai/api-reference/introduction
zaicoding	api.monitor.usage.toolUsage	GET	https://api.z.ai/api/monitor/usage/tool-usage	https://docs.z.ai/api-reference/introduction
